SKILLNAME	DESCRIPTION	SHIPNAMES	INJURERATIO	DMGRATIO	BUFFTOCANDAM	BUFFTOTORPDAM	BUFFTOAIRDAM	BUFFTOFIREPOWER	BUFFTOTORPEDO	BUFFTOAIR	BUFFTOANTIAIR	DMGTOHMS	DMGTOUSS	DMGTOIJN	DMGTOKMS	DMGTOROC	DMGTOFFNF	DMGTOMNF	DMGTOSIREN	DMGTODD	DMGTOCL	DMGTOCA	DMGTOLC	DMGTOBC	DMGTOBB	DMGTOAB	DMGTOCVL	DMGTOCV	DMGTOSUB	HEBUFF	APBUFF	INITENHANCE	MANUALENHANCE	INJBYCAN	INJBYTORP	INJBYAIR	DMGBYCAN	DMGBYTORP	DMGBYAIR	COMBO	CRITDMG	CRITCAN	CRITTORP	CRITAIR	SALVOBONUS
"10,000 Nights: Trayastrimsa"	Increases own Reload by 15% (35%). Every torpedo launch has a 15% (30%) chance to launch another round.	Maya	0	0	0	0	0	0	0	0	0	0	0	0	0	0	0	0	0	0	0	0	0	0	0	0	0	0	0	0	0	0	0	0	0	0	0	0	0	0	0	0	0	0	0
"2,700 Pounds of Justice"	"Main gun property is changed to SHS. Increases salvo damage depending on max distances Salvo traveled, dealing bonus damage up to 15% (30%)."	Massachusetts	0	0	0	0	0	0	0	0	0	0	0	0	0	0	0	0	0	0	0	0	0	0	0	0	0	0	0	0	0	0	0	0	0	0	0	0	0	0	0	0	0	0	0.3
816 Squadron	"After the launch of every airstrike, trigger an anti-submarine search and reveal all submarines currently present for 5 (10) seconds, then release Swordfish planes of 816 Squadron for anti-submarine and torpedo attack (damage increases with level)."	Chaser	0	0	0	0	0	0	0	0	0	0	0	0	0	0	0	0	0	0	0	0	0	0	0	0	0	0	0	0	0	0	0	0	0	0	0	0	0	0	0	0	0	0	0
A Legend's Inheritance	When firing main gun: 40% (70%) chance to launch a special barrage (damage is based on skill level).	Izumo	0	0	0	0	0	0	0	0	0	0	0	0	0	0	0	0	0	0	0	0	0	0	0	0	0	0	0	0	0	0	0	0	0	0	0	0	0	0	0	0	0	0	0
A Witch Who Never Admits Defeat	"When own Health falls under 80%: increases own Firepower and Torpedo stat by up to 20 (40), based on remaining Health. When own Health falls under 30%: increases own Anti-Air by 6% (12%) for the rest of the battle."	L'Opiniatre	0	0	0	0	0	0	0	0	0.12	0	0	0	0	0	0	0	0	0	0	0	0	0	0	0	0	0	0	0	0	0	0	0	0	0	0	0	0	0	0	0	0	0	0
AA Firepower	"In battle, increases own Firepower by the sum of 10% (30%) of own total Anti-Air stat (Only base stat and gear is counted)."	North Carolina	0	0	0	0	0	0	0	0	0	0	0	0	0	0	0	0	0	0	0	0	0	0	0	0	0	0	0	0	0	0	0	0	0	0	0	0	0	0	0	0	0	0	0
Accurate Operation Protocols	"Main Gun can be fired twice per reload, and each salvo can be fired independently. All manually aimed salvoes deal 25% (40%) more damage. Every 20 seconds after battle starts: 50% (100%) chance to fire a special barrage (damage is based on skill level)."	Gascogne	0	0	0	0	0	0	0	0	0	0	0	0	0	0	0	0	0	0	0	0	0	0	0	0	0	0	0	0	0	0	0.4	0	0	0	0	0	0	0	0	0	0	0	0
Advanced Fire Control System	"During battle, increase own critical rate by 10.0% (30.0%) and increase own accuracy against DD and CL by 4.0% (10.0%); 10% chance to reduce evasion rate for enemies hit by own main gun by 4.0% (10.0%) for 6 seconds."	Swiftsure	0	0	0	0	0	0	0	0	0	0	0	0	0	0	0	0	0	0	0	0	0	0	0	0	0	0	0	0	0	0	0	0	0	0	0	0	0	0	0	0	0	0	0
Aerial Support	"When enemy planes are shot down within own AA range: increases own Firepower and Anti-Air by 5% (25%) for 8 seconds. If skill is activated again during said 8 seconds, refreshes the buff duration."	"Yoizuki, Curlew, Curacoa, Harutsuki"	0	0	0	0	0	0.25	0	0.25	0.25	0	0	0	0	0	0	0	0	0	0	0	0	0	0	0	0	0	0	0	0	0	0	0	0	0	0	0	0	0	0	0	0	0	0
Air Reserve	"Once per battle, when launching the first airstrike: perform an additional aerial machine-gun barrage (damage increases with skill level)."	"Yamashiro (Retrofit), Fusou (Retrofit)"	0	0	0	0	0	0	0	0	0	0	0	0	0	0	0	0	0	0	0	0	0	0	0	0	0	0	0	0	0	0	0	0	0	0	0	0	0	0	0	0	0	0	0
Air Strike Signal	5 seconds after own airstrike finishes loading: launches an additional Level 1 (Level 10) dive bomber squadron. Can be activated twice per battle.	Ryuujou	0	0	0	0	0	0	0	0	0	0	0	0	0	0	0	0	0	0	0	0	0	0	0	0	0	0	0	0	0	0	0	0	0	0	0	0	0	0	0	0	0	0	0
Angel of Love	"When sortied with other Destroyers: increases own Firepower, Anti-Air, and Accuracy by 5% (15%). Once per battle, when a Destroyer in the fleet falls below 50% Health: fires a barrage."	Emile Bertin	0	0	0	0	0	0.15	0	0	0.15	0	0	0	0	0	0	0	0	0	0	0	0	0	0	0	0	0	0	0	0	0	0	0	0	0	0	0	0	0	0	0	0	0	0
Aircraft Hunter	Increases damage dealt to Aircraft Carriers by 5% (15%).	I-26	0	0	0	0	0	0	0	0	0	0	0	0	0	0	0	0	0	0	0	0	0	0	0	0	0	0.15	0	0	0	0	0	0	0	0	0	0	0	0	0	0	0	0	0
Armageddon Cannon	"When firing (includes main gun, secondary, and torpedoes): 20% chance to increase own Firepower by 20% (40%) for 8 seconds."	York	0	0	0	0	0	0.4	0	0	0	0	0	0	0	0	0	0	0	0	0	0	0	0	0	0	0	0	0	0	0	0	0	0	0	0	0	0	0	0	0	0	0	0	0
Armor-Piercing Expert	Increases AP shell damage by 15% (25%).	"Z46, Z18, Z21, Z2, Z20, Edinburgh, Z19"	0	0	0	0	0	0	0	0	0	0	0	0	0	0	0	0	0	0	0	0	0	0	0	0	0	0	0	0	0.25	0	0	0	0	0	0	0	0	0	0	0	0	0	0
Arsonist	"Increases damage dealt with HE ammo by 5% (15%), Burn damage by 20% (50%), and chance to ignite with HE ammo by 4.5% (12%)."	Atago	0	0	0	0	0	0	0	0	0	0	0	0	0	0	0	0	0	0	0	0	0	0	0	0	0	0	0	0.15	0	0	0	0	0	0	0	0	0	0	0	0	0	0	0
Artillery Cover	"Every 20 (10) seconds, provides supporting fire with 20.3 cm guns (damage based on skill level and aviation)."	"Lexington, Saratoga"	0	0	0	0	0	0	0	0	0	0	0	0	0	0	0	0	0	0	0	0	0	0	0	0	0	0	0	0	0	0	0	0	0	0	0	0	0	0	0	0	0	0	0
Artillery Volley	"15 seconds after the start of battle and every 20 seconds after that, 30% (60%) chance to fire a special barrage (damage based on skill level)."	Abercrombie	0	0	0	0	0	0	0	0	0	0	0	0	0	0	0	0	0	0	0	0	0	0	0	0	0	0	0	0	0	0	0	0	0	0	0	0	0	0	0	0	0	0	0
Attack Mode-EX	"Every 20 seconds, 40% (70%) chance to increase own Torpedo stat by 30% for 5 seconds and release a powerful barrage, while launching a tight fan-spread of fast torpedoes."	Javelin (Retrofit)	0	0	0	0	0	0	0.3	0	0	0	0	0	0	0	0	0	0	0	0	0	0	0	0	0	0	0	0	0	0	0	0	0	0	0	0	0	0	0	0	0	0	0	0
Aviation Battleship Fleet	"Reduces airstrike reload time by 5% (25%) and adds additional Lvl 1 (10) Suisei bombers for the first 2 airstrikes. If sortied with any CVs/CVLs, effect is applied to all of own airstrikes."	Ise (Retrofit)	0	0	0	0	0	0	0	0	0	0	0	0	0	0	0	0	0	0	0	0	0	0	0	0	0	0	0	0	0	0	0	0	0	0	0	0	0	0	0	0	0	0	0
Barrage Gunnery Manual	"Every 8 times Main Gun is fired: fires a special barrage. If equipped with Prototype 310mm gun, increases Main Gun efficiency by 4.5% (12%); also improves said barrage and fire it every 4 times Main Gun is fired."	Azuma	0	0	0	0	0	0	0	0	0	0	0	0	0	0	0	0	0	0	0	0	0	0	0	0	0	0	0	0	0	0	0	0	0	0	0	0	0	0	0	0	0	0	0
Big Mamie	"During battle, increases own Firepower, Anti-Air and Evasion by 1% (5%) per Eagle Union Heavy Cruiser/Battleship other than self. Only up to 3 ships can be counted toward this bonus (a maximum buff of 15%)."	Massachusetts	0	0	0	0	0	0.15	0	0.15	0.25	0	0	0	0	0	0	0	0	0	0	0	0	0	0	0	0	0	0	0	0	0	0	0	0	0	0	0	0	0	0	0	0	0	0
BIG SEVEN	When firing main gun: 20% (40%) chance to fire a frontal barrage (damage increases with skill level).	"Rodney, Colorado, Maryland, West Virginia, Nelson"	0	0	0	0	0	0	0	0	0	0	0	0	0	0	0	0	0	0	0	0	0	0	0	0	0	0	0	0	0	0	0	0	0	0	0	0	0	0	0	0	0	0	0
BIG SEVEN - SAKURA	When firing main gun: 20% (40%) chance to fire a frontal barrage (damage increases with skill level).	"Nagato, Mutsu"	0	0	0	0	0	0	0	0	0	0	0	0	0	0	0	0	0	0	0	0	0	0	0	0	0	0	0	0	0	0	0	0	0	0	0	0	0	0	0	0	0	0	0
Big Sis Penn!	Every 20 seconds: 30% (60%) chance to fire a unique barrage (damage increases with skill level).	Pennsylvania	0	0	0	0	0	0	0	0	0	0	0	0	0	0	0	0	0	0	0	0	0	0	0	0	0	0	0	0	0	0	0	0	0	0	0	0	0	0	0	0	0	0	0
Blaze Break	20% (40%) chance to activate every 20 seconds: releases a powerful barrage (damage depends on skill level) that has a low chance to set enemies on fire for 12 seconds.	Purple Heart	0	0	0	0	0	0	0	0	0	0	0	0	0	0	0	0	0	0	0	0	0	0	0	0	0	0	0	0	0	0	0	0	0	0	0	0	0	0	0	0	0	0	0
Blaze of Glory	Increases own damage against Battleships by 5% (15%). When firing main gun: 30% (60%) chance to launch a frontal Sanshikidan barrage (number of bullets based on skill level).	Kirishima	0	0	0	0	0	0	0	0	0	0	0	0	0	0	0	0	0	0	0	0	0	0	0.15	0	0	0	0	0	0	0	0	0	0	0	0	0	0	0	0	0	0	0	0
Body and Soul	"Increases torpedo critical rate by 20% (40%), and torpedo critical damage by 65%."	Ibuki	0	0	0	0	0	0	0	0	0	0	0	0	0	0	0	0	0	0	0	0	0	0	0	0	0	0	0	0	0	0	0	0	0	0	0	0	0	0	0	0	0.65	0	0
Bull of the Lake Capital	"Upon destroying an enemy vessel, increase own Firepower by 5% (15%) and Reload by 10% (30%) for 12 seconds. This effect can activate once every second and does not stack. The duration will reset upon activation."	Minneapolis	0	0	0	0	0	0.15	0	0	0	0	0	0	0	0	0	0	0	0	0	0	0	0	0	0	0	0	0	0	0	0	0	0	0	0	0	0	0	0	0	0	0	0	0
Burn Order	"Increases HE damage (applies only to Shelling damage, not Burn damage) dealt by 15% (25%), and chance to ignite by 1.2% (3.0%)."	Belfast	0	0	0	0	0	0	0	0	0	0	0	0	0	0	0	0	0	0	0	0	0	0	0	0	0	0	0	0.25	0	0	0	0	0	0	0	0	0	0	0	0	0	0	0
Carrier Hunter	Increase damage dealt to CV/Ls by 5% (15.0%).	U-73	0	0	0	0	0	0	0	0	0	0	0	0	0	0	0	0	0	0	0	0	0	0	0	0	0.15	0.15	0	0	0	0	0	0	0	0	0	0	0	0	0	0	0	0	0
Chain Cannon	When firing main gun: 15% (25%) chance to fire an extra round.	"Suffolk, Wichita, Sussex, Shropshire"	0	0	0	0	0	0	0	0	0	0	0	0	0	0	0	0	0	0	0	0	0	0	0	0	0	0	0	0	0	0	0	0	0	0	0	0	0	0	0	0	0	0	0
Chain Torpedo	When launching a wave of torpedoes: 15% (30%) chance to launch another wave.	"Abukuma (Retrofit), Kuroshio, Makinami, Gridley, Hatsuharu, Hatsushimo, Kako (Retrofit), Kisaragi (Retrofit), Furutaka (Retrofit), Shiranui, Kagerou, Maury, Craven, Ariake, Atago, Takao, Wakaba, Oyashio, McCall"	0	0	0	0	0	0	0	0	0	0	0	0	0	0	0	0	0	0	0	0	0	0	0	0	0	0	0	0	0	0	0	0	0	0	0	0	0	0	0	0	0	0	0
Chevalier's Sabre	"If Escort fleet consists of only Iris Libre (FFNF) and Vichya Dominion (MNF) ships, every 20 seconds: 50% chance to increase entire fleet's damage by 5% (25%) for 8 seconds. Does not stack with the same skill."	Le Mars	0	0.25	1	1	1	0	0	0	0	0	0	0	0	0	0	0	0	0	0	0	0	0	0	0	0	0	0	0	0	0	0	0	0	0	0	0	0	0	0	0	0	0	0
Commerce Raiding	Increases own Firepower by 15% (25%).	Gneisenau	0	0	0	0	0	0.25	0	0	0	0	0	0	0	0	0	0	0	0	0	0	0	0	0	0	0	0	0	0	0	0	0	0	0	0	0	0	0	0	0	0	0	0	0
Concerto of Blood	"Every 40 (20) seconds, fires a barrage towards the farthest target. Enemies hit by the barrage have their movement speed decreased by 40% for 6 seconds."	Duke of York	0	0	0	0	0	0	0	0	0	0	0	0	0	0	0	0	0	0	0	0	0	0	0	0	0	0	0	0	0	0	0	0	0	0	0	0	0	0	0	0	0	0	0
Conquer To Loot!	10 seconds after battle starts and every 40 (20) seconds after that: launches a torpedo barrage (damage is based on skill level).	Kaga (Battleship)	0	0	0	0	0	0	0	0	0	0	0	0	0	0	0	0	0	0	0	0	0	0	0	0	0	0	0	0	0	0	0	0	0	0	0	0	0	0	0	0	0	0	0
Counterattack of the Barents Sea	"Increases own main gun's critical rate by 4.5% (12.0%), and critical damage by 30%."	Sheffield	0	0	0	0	0	0	0	0	0	0	0	0	0	0	0	0	0	0	0	0	0	0	0	0	0	0	0	0	0	0	0	0	0	0	0	0	0	0	0	0.3	0	0	0
Courageous Shelling	Every 20 seconds: 40% (70%) chance to fire a strong barrage at enemies.	Washington	0	0	0	0	0	0	0	0	0	0	0	0	0	0	0	0	0	0	0	0	0	0	0	0	0	0	0	0	0	0	0	0	0	0	0	0	0	0	0	0	0	0	0
Covering Fire	Increase own Firepower by 10% (20%).	"Yamashiro, Ise, Fusou, Sirius, Hyuuga"	0	0	0	0	0	0.2	0	0	0	0	0	0	0	0	0	0	0	0	0	0	0	0	0	0	0	0	0	0	0	0	0	0	0	0	0	0	0	0	0	0	0	0	0
Crane's Endeavor	When launching an airstrike: permanently increases the damage of next airstrike by 8% (20%). Can be stacked 3 times.	Zuikaku	0	0.6	0	0	1	0	0	0	0	0	0	0	0	0	0	0	0	0	0	0	0	0	0	0	0	0	0	0	0	0	0	0	0	0	0	0	0	0	0	0	0	0	0
Creeping Torpedoes	Decreases Torpedo speed by 1 and increases Torpedo damage by 4.5% (12%).	I-19	0	0	0	0.12	0	0	0	0	0	0	0	0	0	0	0	0	0	0	0	0	0	0	0	0	0	0	0	0	0	0	0	0	0	0	0	0	0	0	0	0	0	0	0
Crippling Strike	"When firing main gun: 40% (70%) chance to launch a frontal barrage (damage scales with skill level). During battle, if fleet consists of 4 or more Sakura Empire ships, decreases loading time of the first main gun salvo by 25% (45%)."	Amagi	0	0	0	0	0	0	0	0	0	0	0	0	0	0	0	0	0	0	0	0	0	0	0	0	0	0	0	0	0	0	0	0	0	0	0	0	0	0	0	0	0	0	0
Cross Combination	"After every 15 (6) shots from the main gun, the next shot deals a critical hit."	Purple Heart	0	0	0	0	0	0	0	0	0	0	0	0	0	0	0	0	0	0	0	0	0	0	0	0	0	0	0	0	0	0	0	0	0	0	0	0	0	0	0	0	0	0	0
Curtain Call	"Increases damage dealt to Heavy Cruisers by 5% (15%). When leaving battle, fires a wave of torpedoes (damage and spread based on Skill Level)."	I-58	0	0	0	0	0	0	0	0	0	0	0	0	0	0	0	0	0	0	0	0.15	0	0	0	0	0	0	0	0	0	0	0	0	0	0	0	0	0	0	0	0	0	0	0
Death Raid	If Acasta is the last ship alive in the Escort fleet: increase own damage dealt by 20% (50%) and increases own damage received by 8% (20%).	Acasta	0	0.5	1	1	0	0	0	0	0	0	0	0	0	0	0	0	0	0	0	0	0	0	0	0	0	0	0	0	0	0	0	0	0	0	0	0	0	0	0	0	0	0	0
Deck of Aces	"15 seconds after the start of a battle and every 40 (20) seconds after that, launch a random special aerial attack (damage based on skill level and hanafuda type; there are 4 types of hanafuda with each launching different amount of planes.)"	"Souryuu (Retrofit), Hiryuu (Retrofit)"	0	0	0	0	0	0	0	0	0	0	0	0	0	0	0	0	0	0	0	0	0	0	0	0	0	0	0	0	0	0	0	0	0	0	0	0	0	0	0	0	0	0	0
Demon God	"When firing main gun, 5% chance to increase own Torpedo stat by 30% (60%) for 12 seconds."	Ayanami	0	0	0	0.6	0	0	0	0	0	0	0	0	0	0	0	0	0	0	0	0	0	0	0	0	0	0	0	0	0	0	0	0	0	0	0	0	0	0	0	0	0	0	0
DesDiv 6's Elite - Akatsuki	"When paired with any of the Destroyers from Destroyer Division 6 (Akatsuki,Â Hibiki,Â Ikazuchi,Â Inazuma): increases own Firepower, Torpedo, and Reload by 5% (15%). This effect does not stack."	Akatsuki	0	0	0	0	0	0.15	0.15	0	0	0	0	0	0	0	0	0	0	0	0	0	0	0	0	0	0	0	0	0	0	0	0	0	0	0	0	0	0	0	0	0	0	0	0
DesDiv 6's Elite - Ikazuchi	"When paired with any of the Destroyers from Destroyer Division 6 (Akatsuki,Â Hibiki,Â Ikazuchi,Â Inazuma): increases own Firepower, Torpedo, and Reload by 5% (15%). This effect does not stack."	Ikazuchi	0	0	0	0	0	0.15	0.15	0	0	0	0	0	0	0	0	0	0	0	0	0	0	0	0	0	0	0	0	0	0	0	0	0	0	0	0	0	0	0	0	0	0	0	0
DesDiv 6's Elite - Inazuma	"When paired with any of the Destroyers from Destroyer Division 6 (Akatsuki, Hibiki, Ikazuchi, Inazuma): increases own Firepower, Torpedo and Reload by 5% (15%). This effect does not stack."	Inazuma	0	0	0	0	0	0.15	0.15	0	0	0	0	0	0	0	0	0	0	0	0	0	0	0	0	0	0	0	0	0	0	0	0	0	0	0	0	0	0	0	0	0	0	0	0
Destiny Draw!	"When Health falls under 30%, increase own Luck by 7. Every 20 seconds, activate a special skill."	Hermes (Retrofit)	0	0	0	0	0	0	0	0	0	0	0	0	0	0	0	0	0	0	0	0	0	0	0	0	0	0	0	0	0	0	0	0	0	0	0	0	0	0	0	0	0	0	0
Destroyer of Darkness	"When own main battery hit 8 times, increases own Firepower by 1.5% (5%) and Reload by 10% (25%). Can be stacked 3 times. When effect is stacked 3 times, enhances barrage pattern."	Suzuya	0	0	0	0	0	0.15	0	0	0	0	0	0	0	0	0	0	0	0	0	0	0	0	0	0	0	0	0	0	0	0	0	0	0	0	0	0	0	0	0	0	0	0	0
Destruction Mode	"Every 20 seconds, 40% (70%) chance to release a powerful barrage and spawn 2 rotating shields that can block 5 enemy shells each while launching a wave of 4 slow homing torpedoes; own main gun's critical rate becomes 100% for 10 seconds."	Z23 (Retrofit)	0	0	0	0	0	0	0	0	0	0	0	0	0	0	0	0	0	0	0	0	0	0	0	0	0	0	0	0	0	0	0	0	0	0	0	0	0	0	0	0	0	0	0
Destruction Mode - Prototype	"Every 20 seconds, 50% (80%) chance to release a powerful barrage, while increasing own critical damage dealt by 30% (50%) and reducing aviation damage taken by the Escort Fleet by 10% (30%) for 10 seconds."	Z1 (Retrofit)	0	0	0	0	0	0	0	0	0	0	0	0	0	0	0	0	0	0	0	0	0	0	0	0	0	0	0	0	0	0	0	0	0	0	0	0	0	0	0	0	0	0	0
Deviated Shooting Correction	"Every 20 seconds, increases own torpedo damage by 4.5% (12%). Can be stacked up to 8 times."	Musketeer	0	0	0	0.12	0	0	0	0	0	0	0	0	0	0	0	0	0	0	0	0	0	0	0	0	0	0	0	0	0	0	0	0	0	0	0	0	0	0	0	0	0	0	0
Devil Strike	"At the start of battle and every 20 seconds after the start of battle, launch special barrage and increase own firepower and torpedo by 9% (24%). Over the 20 seconds the effects of this skill will slowly decrease back to 0%"	Z36	0	0	0	0	0	0.24	0.24	0	0	0	0	0	0	0	0	0	0	0	0	0	0	0	0	0	0	0	0	0	0	0	0	0	0	0	0	0	0	0	0	0	0	0	0
Dice of Destiny	"Every time own airstrike finishes loading, 20% (40%) chance to launch an attack with Ryuusei, Suisei, and/or Saiun squadrons (Squadrons are independent variables of each other). Saiun squadron does not carry any ammunition and increases main fleet's damage by 10% for 8 seconds upon activation."	Taihou	0	0	0	0	0	0	0	0	0	0	0	0	0	0	0	0	0	0	0	0	0	0	0	0	0	0	0	0	0	0	0	0	0	0	0	0	0	0	0	0	0	0	0
Disturbance Strategy	"Increases damage dealt to suicide, torpedo, and transport ships by 10% (25%)."	Karlsruhe (Retrofit)	0	0	0	0	0	0	0	0	0	0	0	0	0	0	0	0	0	0	0	0	0	0	0	0	0	0	0	0	0	0	0	0	0	0	0	0	0	0	0	0	0	0	0
Divine Marksman	"Every 35 (15) seconds, fires a barrage (damage based on Skill Level) at the furthest target with 100% critical hit chance. Shell type changes to AP at level 6."	Warspite	0	0	0	0	0	0	0	0	0	0	0	0	0	0	0	0	0	0	0	0	0	0	0	0	0	0	0	0	0	0	0	0	0	0	0	0	0	0	0	0	0	0	0
Divine Marksman Plus	"10 seconds after the start of a battle and every 35 (15) seconds after that, fires a barrage (damage based on Skill Level) at the furthest target with 100% critical hit chance. Every battle, increases the damage of the first barrage by 80% (130%). All allied main fleet Royal Navy ships' auto aim will have an increased chance of targeting the ship targeted by this barrage. Shell type changes to AP at Level 6. (Replaces Divine Marksman)"	Warspite (Retrofit)	0	0	0	0	0	0	0	0	0	0	0	0	0	0	0	0	0	0	0	0	0	0	0	0	0	0	0	0	0	0	0	0	0	0	0	0	0	0	0	0	0	0	0
Doolittle Raid	When launching an airstrike: 30% (60%) chance to launch additional B-25 bombers.	Hornet	0	0	0	0	0	0	0	0	0	0	0	0	0	0	0	0	0	0	0	0	0	0	0	0	0	0	0	0	0	0	0	0	0	0	0	0	0	0	0	0	0	0	0
Doolittle Raid Plus	When launching an airstrike: 50% (80%) chance to launch additional B-25 bombers.	Shangri-La	0	0	0	0	0	0	0	0	0	0	0	0	0	0	0	0	0	0	0	0	0	0	0	0	0	0	0	0	0	0	0	0	0	0	0	0	0	0	0	0	0	0	0
Eagle Sky	Eagle Union airplanes in use gain 5% (15%) additional Efficiency.	Independence	0	0	0	0	0	0	0	0	0	0	0	0	0	0	0	0	0	0	0	0	0	0	0	0	0	0	0	0	0	0	0	0	0	0	0	0	0	0	0	0	0	0	0
Eagle's Defiance	"In each round of combat, the first two airstrikes performed will be accompanied with extra planes"	"Hiyou, Junyou"	0	0	0	0	0	0	0	0	0	0	0	0	0	0	0	0	0	0	0	0	0	0	0	0	0	0	0	0	0	0	0	0	0	0	0	0	0	0	0	0	0	0	0
Eat my Shells!	"During battle, increases own Firepower by 20 (80) every 8 seconds. When this effect is stacked 3 times, fires a special barrage then clears effect bonuses. If equipped with a CL gun: enhances special barrage."	Zeppy	0	0	0	0	0	0	0	0	0	0	0	0	0	0	0	0	0	0	0	0	0	0	0	0	0	0	0	0	0	0	0	0	0	0	0	0	0	0	0	0	0	0	0
Effective Armament	"During battle, 40% (70%) chance of triggering a barrage every 24 seconds. When equipped with Quadruple 356mm main cannon, reduce loading time of the first main salvo by 55% (75%), increase critical chance of main cannon by 10% (20%), reduce spread by 2 and enhance barrage."	King George V	0	0	0	0	0	0	0	0	0	0	0	0	0	0	0	0	0	0	0	0	0	0	0	0	0	0	0	0	0	0	0	0	0	0	0	0	0	0	0	0	0	0	0
Enforced HE Ammo	"Increases own HE damage dealt by 15% (35%), and lowers chance to ignite by 3%."	Saint Louis	0	0	0	0	0	0	0	0	0	0	0	0	0	0	0	0	0	0	0	0	0	0	0	0	0	0	0	0.35	0	0	0	0	0	0	0	0	0	0	0	0	0	0	0
Evening Star	"Every 10 seconds, 50% (100%) chance to release a special barrage, and special barrage has chance to ignite (special barrage damage and form depend on skill level)."	Nekone	0	0	0	0	0	0	0	0	0	0	0	0	0	0	0	0	0	0	0	0	0	0	0	0	0	0	0	0	0	0	0	0	0	0	0	0	0	0	0	0	0	0	0
Experienced Hunter	"Increases damage dealt to Destroyers, Light Cruisers, and Aircraft Carriers by 1% (10%)."	Albacore	0	0	0	0	0	0	0	0	0	0	0	0	0	0	0	0	0	0.1	0.1	0	0	0	0	0	0	0.1	0	0	0	0	0	0	0	0	0	0	0	0	0	0	0	0	0
Fast Take-off	When launching an airstrike: 5% (15%) chance for next airstrike to become available immediately.	"Bogue, Long Island, Ranger, Chaser"	0	0	0	0	0	0	0	0	0	0	0	0	0	0	0	0	0	0	0	0	0	0	0	0	0	0	0	0	0	0	0	0	0	0	0	0	0	0	0	0	0	0	0
Fatal Penetration	"After entering battle for 8 seconds, fires a wave of penetrating torpedoes. Torpedoes can penetrate once (Can hit up to 2 targets, armor piercing)."	I-19	0	0	0	0	0	0	0	0	0	0	0	0	0	0	0	0	0	0	0	0	0	0	0	0	0	0	0	0	0	0	0	0	0	0	0	0	0	0	0	0	0	0	0
Fight To Win!	When firing main gun: 30% (50%) chance to launch a frontal barrage (damage is based on skill level).	Kaga (Battleship)	0	0	0	0	0	0	0	0	0	0	0	0	0	0	0	0	0	0	0	0	0	0	0	0	0	0	0	0	0	0	0	0	0	0	0	0	0	0	0	0	0	0	0
Fighting Mary	"When own Health drops below 30% (70%), increases own damage dealt by up to 15% (35%), based on remaining Health."	Maryland	0	0.35	1	0	0	0	0	0	0	0	0	0	0	0	0	0	0	0	0	0	0	0	0	0	0	0	0	0	0	0	0	0	0	0	0	0	0	0	0	0	0	0	0
Final Glory	"Every time the main gun is fired, increases the damage of subsequent main gun attack (includes base main gun mount) by 10% (15%)."	Renown	0	0	0.15	0	0	0	0	0	0	0	0	0	0	0	0	0	0	0	0	0	0	0	0	0	0	0	0	0	0	0	0	0	0	0	0	0	0	0	0	0	0	0	0
First Destroyer	"10% (30%) to activate upon receiving a torpedo hit/miss: For 4 seconds, decreases Torpedo damage taken by 20% (50%) and increase own Torpedo stat by 20% (50%)."	Kamikaze (Retrofit)	0	0	0	0	0	0	0.5	0	0	0	0	0	0	0	0	0	0	0	0	0	0	0	0	0	0	0	0	0	0	0	0	0	0	0	0	0	0	0	0	0	0	0	0
Flash of Lighting	When launching torpedoes: 15% (30%) chance to launch a special barrage (damage is based on skill level).	Ibuki	0	0	0	0	0	0	0	0	0	0	0	0	0	0	0	0	0	0	0	0	0	0	0	0	0	0	0	0	0	0	0	0	0	0	0	0	0	0	0	0	0	0	0
Flashing Blade of Surabaya	"Every 20 seconds, 30% (70%) to launch a special barrage; also increases own Firepower by 10% (20%) and damage dealt to Cruisers by 10% (20%) for 10 seconds."	Ashigara	0	0	0	0	0	0.2	0	0	0	0	0	0	0	0	0	0	0	0	0.2	0.2	0	0.2	0	0	0	0	0	0	0	0	0	0	0	0	0	0	0	0	0	0	0	0	0
Focused Strike	"When firing main gun, 15% (30%) chance to inflict double damage."	"Choukai, South Dakota, Takao, Oklahoma (Retrofit), Nevada (Retrofit), Chicago, California"	0	1	0	0	0	0	0	0	0	0	0	0	0	0	0	0	0	0	0	0	0	0	0	0	0	0	0	0	0	0	0	0	0	0	0	0	0	0	0	0	0	0	0
Friends of Justice	"If sortied with Sheffield, increases own Firepower and Torpedo stat by 5% (15%)."	Jamaica	0	0	0	0	0	0.15	0.15	0	0	0	0	0	0	0	0	0	0	0	0	0	0	0	0	0	0	0	0	0	0	0	0	0	0	0	0	0	0	0	0	0	0	0	0
Frontal Barrage	20% (50%) activation upon firing main gun: launches a frontal barrage.	Dunkerque	0	0	0	0	0	0	0	0	0	0	0	0	0	0	0	0	0	0	0	0	0	0	0	0	0	0	0	0	0	0	0	0	0	0	0	0	0	0	0	0	0	0	0
Full Firepower	"Every 20 seconds, 30% (60%) chance to increase own Firepower by 20% (40%) for 10 seconds."	"Nicholas, Makinami, Radford, Köln, Jenkins, Exeter, Yuubari, Furutaka, Mogami, Salt Lake City, Kuroshio, Vincennes, Nagara, Oyashio, Thatcher, Kinugasa, Honolulu, Z25, Denver, Ajax, Aoba, Kako, Suffolk (Retrofit), Charles Ausburne, Achilles, Karlsruhe, Galatea, Quincy"	0	0	0	0	0	0.2	0	0	0	0	0	0	0	0	0	0	0	0	0	0	0	0	0	0	0	0	0	0	0	0	0	0	0	0	0	0	0	0	0	0	0	0	0
Future Base	"30s, 45s, and 60s after the start of the battle: launches a Lv.1 (Lv.10) special airstrike (damage is based on skill level)."	Anniversary Kizuna AI	0	0	0	0	0	0	0	0	0	0	0	0	0	0	0	0	0	0	0	0	0	0	0	0	0	0	0	0	0	0	0	0	0	0	0	0	0	0	0	0	0	0	0
Gassing Breath	Every 10 times own Main Gun hits the same enemy: increases own damage dealt to that enemy by 4.5% (12%). Upon destroying an enemy: increases own Firepower by 0.5% (2%); effect can stack up to 10 times.	Le Malin	0.12	0	0	0	0	0.2	0	0	0	0	0	0	0	0	0	0	0	0	0	0	0	0	0	0	0	0	0	0	0	0	0	0	0	0	0	0	0	0	0	0	0	0	0
Getter Ravine	"Every 20 seconds, 20% (40%) chance to release a powerful barrage (damage depends on skill level) that has a low chance to slow enemies for 8 seconds."	White Heart	0	0	0	0	0	0	0	0	0	0	0	0	0	0	0	0	0	0	0	0	0	0	0	0	0	0	0	0	0	0	0	0	0	0	0	0	0	0	0	0	0	0	0
Giant Hunter	Increase own damage against heavy cruisers by 15% (25%).	"Ajax (Retrofit), Exeter (Retrofit), Achilles (Retrofit)"	0	0	0	0	0	0	0	0	0	0	0	0	0	0	0	0	0	0	0	0.25	0	0	0	0	0	0	0	0	0	0	0	0	0	0	0	0	0	0	0	0	0	0	0
Glory of the Royal Navy	"When firing main gun: 40% (70%) chance to launch a frontal barrage (damage based on skill level), and increase Reload by 20% (40%) for all ships in the Main Fleet for 8 seconds."	Hood	0	0	0	0	0	0	0	0	0	0	0	0	0	0	0	0	0	0	0	0	0	0	0	0	0	0	0	0	0	0	0	0	0	0	0	0	0	0	0	0	0	0	0
Heavy Barrel Buster	When firing Main Guns: 50% (80%) chance to fire a special barrage.	Georgia	0	0	0	0	0	0	0	0	0	0	0	0	0	0	0	0	0	0	0	0	0	0	0	0	0	0	0	0	0	0	0	0	0	0	0	0	0	0	0	0	0	0	0
Heavy Cruiser Hunter	Increases damage dealt to Heavy Cruisers by 5% (15%).	Dace	0	0	0	0	0	0	0	0	0	0	0	0	0	0	0	0	0	0	0	0.15	0	0	0	0	0	0	0	0	0	0	0	0	0	0	0	0	0	0	0	0	0	0	0
Honey Moon	"20 (10) seconds after battle begins, and every 30 (20) seconds after that: activate a special barrage (damage based on skill level)."	Fumiruiru	0	0	0	0	0	0	0	0	0	0	0	0	0	0	0	0	0	0	0	0	0	0	0	0	0	0	0	0	0	0	0	0	0	0	0	0	0	0	0	0	0	0	0
Hummingbird Infestation	"If equipped with the Fl-282, 10 seconds after battle starts and every 30 seconds after that: launches a Fl-282 helicopter. When the helicopter is launched: reveals all enemy submarines and increases damage dealt to them by 5% (15%) for 10 seconds."	Köln (Retrofit)	0	0	0	0	0	0	0	0	0	0	0	0	0	0	0	0	0	0	0	0	0	0	0	0	0	0	0.15	0	0	0	0	0	0	0	0	0	0	0	0	0	0	0	0
Ice-free Port's Concerto	"During sortie, increases own Torpedo critical hit chance by 10% (30%). Increases own damage dealt to Destroyers by 5% (15%) and Torpedo stat for all Royal Navy Destroyers by 4.5% (12%)."	Hardy	0	0	0	0	0	0	0	0	0	0	0	0	0	0	0	0	0	0.15	0	0	0	0	0	0	0	0	0	0	0	0	0	0	0	0	0	0	0	0	0	0	0	0	0
Infinite Darkness	Every 20 seconds: 30% (60%) chance to fire a special barrage at enemies (damage based on skill level).	"Terror, Erebus"	0	0	0	0	0	0	0	0	0	0	0	0	0	0	0	0	0	0	0	0	0	0	0	0	0	0	0	0	0	0	0	0	0	0	0	0	0	0	0	0	0	0	0
Iron Wing Annihilation	"When enemy planes are shot down within her AA radius, increases own Firepower by 5% (15%) of own total AA stat (only base stat and gear is counted) for 8 seconds. If skill is reactivated within the 8 seconds, the buff does not stack and only the duration is refreshed."	Z46	0	0	0	0	0	0	0	0	0	0	0	0	0	0	0	0	0	0	0	0	0	0	0	0	0	0	0	0	0	0	0	0	0	0	0	0	0	0	0	0	0	0	0
Ironblood Hawk	"German aircraft in use (BF-109T, Me-155A, Ju-87C, etc.) will receive an additional 15% (30%) Efficiency."	Graf Zeppelin	0	0	0	0	0	0	0	0	0	0	0	0	0	0	0	0	0	0	0	0	0	0	0	0	0	0	0	0	0	0	0	0	0	0	0	0	0	0	0	0	0	0	0
Ironblood Pioneer	"When firing main gun, 5% chance to increase own Firepower by 30% (60%) for 8 seconds."	Z23	0	0	0	0	0	0.6	0	0	0	0	0	0	0	0	0	0	0	0	0	0	0	0	0	0	0	0	0	0	0	0	0	0	0	0	0	0	0	0	0	0	0	0	0
Journey's End	"Increases torpedo critical rate by 20% (40%), and torpedo critical damage by 50%."	Dorsetshire	0	0	0	0	0	0	0	0	0	0	0	0	0	0	0	0	0	0	0	0	0	0	0	0	0	0	0	0	0	0	0	0	0	0	0	0	0	0	0	0	0.5	0	0
Kitakaze Style - Six Lotus Torpedoes	"If placed in the leftmost position in the Vanguard Fleet, 10 seconds after battle starts: launches a torpedo barrage. Whenever own torpedoes hit 10 times (excluding the ones from barrages): launches the same barrage."	Kitakaze	0	0	0	0	0	0	0	0	0	0	0	0	0	0	0	0	0	0	0	0	0	0	0	0	0	0	0	0	0	0	0	0	0	0	0	0	0	0	0	0	0	0	0
Lace Dance	Every 20 seconds: 20% (40%) chance to release a powerful barrage (damage depends on skill level).	Black Heart	0	0	0	0	0	0	0	0	0	0	0	0	0	0	0	0	0	0	0	0	0	0	0	0	0	0	0	0	0	0	0	0	0	0	0	0	0	0	0	0	0	0	0
Last Fire	"If equipped with the Quadruple 380mm (Mle 1935) gun, main gun critical rate is increased by 10% (30%) and main gun critical damage is increased by 20% (50%)."	Jean Bart	0	0	0	0	0	0	0	0	0	0	0	0	0	0	0	0	0	0	0	0	0	0	0	0	0	0	0	0	0	0	0	0	0	0	0	0	0	0	0	0	0	0	0
Light Cruiser Hunter	Increase damage dealt to Light Cruisers by 5% (15%).	U-557	0	0	0	0	0	0	0	0	0	0	0	0	0	0	0	0	0	0	0.15	0	0	0	0	0	0	0	0	0	0	0	0	0	0	0	0	0	0	0	0	0	0	0	0
Lily Root	"Every 22 seconds after the start of a battle, fire a special barrage. Every time the barrage is fired, increases the damage of the subsequent barrage. The skill can be activated for maximum 4 times each battle (damage based on skill level)."	Rurutie	0	0	0	0	0	0	0	0	0	0	0	0	0	0	0	0	0	0	0	0	0	0	0	0	0	0	0	0	0	0	0	0	0	0	0	0	0	0	0	0	0	0	0
Lone Queen of the North	If sortied without other Battleships/Battlecruisers: increases own damage dealt by 10% (30%). Aviation Battleships do not count.	Tirpitz	0	0.3	1	1	0	0	0	0	0	0	0	0	0	0	0	0	0	0	0	0	0	0	0	0	0	0	0	0	0	0	0	0	0	0	0	0	0	0	0	0	0	0	0
Lucky E	"When launching an airstrike: 40% (70%) chance to deal double damage with that airstrike, and evade all incoming attacks for 8 seconds."	Enterprise	0	1	0	0	0	0	0	0	0	0	0	0	0	0	0	0	0	0	0	0	0	0	0	0	0	0	0	0	0	0	0	0	0	0	0	0	0	0	0	0	0	0	0
Lucky Lou	"Every 20 seconds, 30% (60%) chance to increase own Firepower, Reload and Evasion by 10% (30%) for 10 seconds."	St. Louis	0	0	0	0	0	0.3	0	0	0	0	0	0	0	0	0	0	0	0	0	0	0	0	0	0	0	0	0	0	0	0	0	0	0	0	0	0	0	0	0	0	0	0	0
Magnetic Torpedo	"Every 35 (15) seconds, launch 4 magnetic torpedoes that home to enemies within a short distance of itself (damage is based on skill level)."	Tirpitz	0	0	0	0	0	0	0	0	0	0	0	0	0	0	0	0	0	0	0	0	0	0	0	0	0	0	0	0	0	0	0	0	0	0	0	0	0	0	0	0	0	0	0
"Manjuu, Cat, Little Owl!"	"After launching an airstrike, 40% (70%) chance to release the power of United Fleet: increases own Air Power and all CVLs' Reload by 5% (15%), and decreases damage taken by all CVs/CVLs by 5% (15%) for 8 seconds."	Ryuujou	0	0	0	0	0	0	0	0	0	0	0	0	0	0	0	0	0	0	0	0	0	0	0	0	0	0	0	0	0	0	0	0	0	0	0	0	0	0	0	0	0	0	0
Medistation S	"When being attacked, 3.5% (8%) chance to increase own damage by 10% (25%) for 8 seconds."	Noire	0	0.25	1	1	0	0	0	0	0	0	0	0	0	0	0	0	0	0	0	0	0	0	0	0	0	0	0	0	0	0	0	0	0	0	0	0	0	0	0	0	0	0	0
Melee Artillery	"Can activate only 10 seconds after the start of battle. When enemies enter a certain range, fires a Lvl 1 (10) special barrage. Can activate only once every 10 seconds."	Hyuuga (Retrofit)	0	0	0	0	0	0	0	0	0	0	0	0	0	0	0	0	0	0	0	0	0	0	0	0	0	0	0	0	0	0	0	0	0	0	0	0	0	0	0	0	0	0	0
Melty World	"If sortied with another Kizuna AI ship, when launching an airstrike: 15% (25%) chance for the Airstrike to deal double damage."	Anniversary Kizuna AI	0	1	0	0	0	0	0	0	0	0	0	0	0	0	0	0	0	0	0	0	0	0	0	0	0	0	0	0	0	0	0	0	0	0	0	0	0	0	0	0	0	0	0
Meteor Headbutt	All Escort ships deal 50% (100%) more ramming damage and take 20% (30%) less damage from ramming.	Glowworm	0	0	0	0	0	0	0	0	0	0	0	0	0	0	0	0	0	0	0	0	0	0	0	0	0	0	0	0	0	0	0	0	0	0	0	0	0	0	0	0	0	0	0
MKV-class AP Shell	Increases own AP damage dealt by 15% (35%).	HMS Neptune	0	0	0	0	0	0	0	0	0	0	0	0	0	0	0	0	0	0	0	0	0	0	0	0	0	0	0	0	0.35	0	0	0	0	0	0	0	0	0	0	0	0	0	0
Monarch's Coercion	When firing main gun: 40% (70%) chance to fire a special barrage (damage is based on skill level) and enemies hit by the barrage have their movement speed decreased by 40% for 6 seconds.	Monarch	0	0	0	0	0	0	0	0	0	0	0	0	0	0	0	0	0	0	0	0	0	0	0	0	0	0	0	0	0	0	0	0	0	0	0	0	0	0	0	0	0	0	0
Morale Boost	"Every time the main gun is fired 10 times, increases own Reload by 1.5% (5%) and Full Barrage damage by 20% (40%). Can be stacked 4 times."	Z2	0	0	0	0	0	0	0	0	0	0	0	0	0	0	0	0	0	0	0	0	0	0	0	0	0	0	0	0	0	0	0	0	0	0	0	0	0	0	0	0	0	0	0
My Sister's Really Great	"If sortied with Indianapolis, increases own Firepower, Anti-Air, and Reload by 5% (15%)."	Portland	0	0	0	0	0	0	0.15	0.15	0.15	0	0	0	0	0	0	0	0	0	0	0	0	0	0	0	0	0	0	0	0	0	0	0	0	0	0	0	0	0	0	0	0	0	0
Nightmare of Solomon	"When firing main gun, 6% chance to increase own Firepower, Torpedo stat, Reload, and Evasion by 20% (40%) for 8 seconds."	Yuudachi	0	0	0	0	0	0.4	0.4	0	0	0	0	0	0	0	0	0	0	0	0	0	0	0	0	0	0	0	0	0	0	0	0	0	0	0	0	0	0	0	0	0	0	0	0
Overload Firepower	"Every 20 seconds, 40% (70%) chance to increase own Firepower by 30% (50%) and Reload by 100% (200%) for 10 seconds. After buff duration, decrease own Reload by 100% for 3 seconds."	Z35	0	0	0	0	0	0.5	0	0	0	0	0	0	0	0	0	0	0	0	0	0	0	0	0	0	0	0	0	0	0	0	0	0	0	0	0	0	0	0	0	0	0	0	0
Pirate's Soul	During battle: every first main gun salvo deals 40% (60%) more damage. All manually aimed salvoes deal 40% (60%) more damage.	Jean Bart	0	0	0	0	0	0	0	0	0	0	0	0	0	0	0	0	0	0	0	0	0	0	0	0	0	0	0	0	0	0.6	0.6	0	0	0	0	0	0	0	0	0	0	0	0
Pocket Battleship	Increases own damage against Destroyers and Light Cruisers by 15% (35%).	"Admiral Graf Spee, Deutschland"	0	0	0	0	0	0	0	0	0	0	0	0	0	0	0	0	0	0.35	0.35	0	0	0	0	0	0	0	0	0	0	0	0	0	0	0	0	0	0	0	0	0	0	0	0
Preemptive Strike	"During battle, if the fleet contains more than 3 Sakura Empire ships, triggers a Lv. 1 (Lv. 10) aerial barrage 12 seconds after the start of the battle."	Akagi-chan	0	0	0	0	0	0	0	0	0	0	0	0	0	0	0	0	0	0	0	0	0	0	0	0	0	0	0	0	0	0	0	0	0	0	0	0	0	0	0	0	0	0	0
Preemptive Victory	"At the beginning of combat, reduces Reload time of own first airstrike by 20% (50%)."	"Kaga, Akagi"	0	0	0	0	0	0	0	0	0	0	0	0	0	0	0	0	0	0	0	0	0	0	0	0	0	0	0	0	0	0	0	0	0	0	0	0	0	0	0	0	0	0	0
Professional Reloader	"Main gun property is changed to HE. When firing main gun, increases own Reload by 1% (3.5%) (Can be stacked up to 12 times). Additionally, alternates main gun property between HE and AP after every 2 rounds of main gun firing."	Roon	0	0	0	0	0	0	0	0	0	0	0	0	0	0	0	0	0	0	0	0	0	0	0	0	0	0	0	0	0	0	0	0	0	0	0	0	0	0	0	0	0	0	0
Quick Reload	"Every 20 seconds, 30% (60%) chance to increase own Reload by 20% (40%) for 10 seconds."	"Concord, Kisaragi, Fumizuki, Spence, Nagatsuki, Memphis, Aulick, Mutsuki, Minazuki, Matsukaze, Mikazuki, Omaha, Downes (Retrofit), Foote, Cassin(Retrofit), Raleigh, Uzuki"	0	0	0	0	0	0	0	0	0	0	0	0	0	0	0	0	0	0	0	0	0	0	0	0	0	0	0	0	0	0	0	0	0	0	0	0	0	0	0	0	0	0	0
Raid Carrier	When launching an airstrike: 15% (25%) chance to deal double damage for 10 seconds.	"Hornet, Victorious, Hermes, Ark Royal, Ranger (Retrofit)"	0	1	0	0	0	0	0	0	0	0	0	0	0	0	0	0	0	0	0	0	0	0	0	0	0	0	0	0	0	0	0	0	0	0	0	0	0	0	0	0	0	0	0
Rainy Ratnapura	20% (40%) chance to activate every 20 seconds: perform an airstrike with a special aviation.	Green Heart	0	0	0	0	0	0	0	0	0	0	0	0	0	0	0	0	0	0	0	0	0	0	0	0	0	0	0	0	0	0	0	0	0	0	0	0	0	0	0	0	0	0	0
Relentless Persistence	When sortied without other CVs/CVLs: increase Main Fleet's Anti-Air by 4.5% (12%). When launching an airstrike: launch an aerial barrage based on the number of CVs/CVLs in the Main Fleet (damage based on skill level).	Bunker Hill	0	0	0	0	0	0	0	0	0.12	0	0	0	0	0	0	0	0	0	0	0	0	0	0	0	0	0	0	0	0	0	0	0	0	0	0	0	0	0	0	0	0	0	0
Royal Alliance	"During battle, increases own Firepower, Reload, Evasion, and Anti-Air by 1% (5%) per Eagle Union ship in the fleet."	Prince of Wales	0	0	0	0	0	0.05	0	0	0.3	0	0	0	0	0	0	0	0	0	0	0	0	0	0	0	0	0	0	0	0	0	0	0	0	0	0	0	0	0	0	0	0	0	0
Sakura Resistance	Increases damage dealt to IJN (Japanese/Sakura Nation) ships by 5% (25%).	"Ning Hai, Ping Hai, Yat Sen"	0	0	0	0	0	0	0	0	0	0	0	0.25	0	0	0	0	0	0	0	0	0	0	0	0	0	0	0	0	0	0	0	0	0	0	0	0	0	0	0	0	0	0	0
Sharp Assault	Increase own main gun's critical rate by 5% (20%).	Fu Shun	0	0	0	0	0	0	0	0	0	0	0	0	0	0	0	0	0	0	0	0	0	0	0	0	0	0	0	0	0	0	0	0	0	0	0	0	0	0	0	0.2	0	0	0
Shiny Iris	"When main gun damages the same target, own Reload is increased by 20% (40%). Can be stacked up to 4 times; skill can only be activated every 1 second. If target is switched, the buff is canceled."	Le Triomphant	0	0	0	0	0	0	0	0	0	0	0	0	0	0	0	0	0	0	0	0	0	0	0	0	0	0	0	0	0	0	0	0	0	0	0	0	0	0	0	0	0	0	0
Silent Hunter	"Increase damage dealt to CVs by 5% (20%). When own torpedo hits an enemy ship: 5% (15%) chance to cause Flooding for 24 second, inflicting damage every 3 second (Damage depends on torpedo type/attribute). If effect is applied on an enemy ship that already has Flooding, refreshes Flooding duration."	U-81	0	0	0	0	0	0	0	0	0	0	0	0	0	0	0	0	0	0	0	0	0	0	0	0	0	0	0	0	0	0	0	0	0	0	0	0	0	0	0	0	0	0	0
Silver Phantom	"Increases own damage dealt to Destroyers, transport vessels, torpedo boats, and suicide boats by 10% (20%)."	Aurora	0	0	0	0	0	0	0	0	0	0	0	0	0	0	0	0	0	0.2	0	0	0	0	0	0	0	0	0	0	0	0	0	0	0	0	0	0	0	0	0	0	0	0	0
Siren's Nemesis	Increases own damage dealt to Sirens by 5% (15%).	"Monarch, Gascogne, Friedrich der Grosse, Roon, Azuma, Saint Louis, Seattle, Izumo, Ibuki, Kitakaze, Georgia, HMS Neptune"	0	0	0	0	0	0	0	0	0	0	0	0	0	0	0	0	0.15	0	0	0	0	0	0	0	0	0	0	0	0	0	0	0	0	0	0	0	0	0	0	0	0	0	0
Sniper	"Every 35 (15) seconds, fires a barrage at a random enemy with 100% critical hit chance (Damage depends on skill level, shell type changes from Normal to AP shells after reaching skill level 6)."	Scharnhorst	0	0	0	0	0	0	0	0	0	0	0	0	0	0	0	0	0	0	0	0	0	0	0	0	0	0	0	0	0	0	0	0	0	0	0	0	0	0	0	0	0	0	0
Solomon Wargod	"When firing main gun, 5% chance to increase own Firepower, Reload, and Evasion by 20% (40%) for 8 seconds."	Laffey	0	0	0	0	0	0.4	0	0	0	0	0	0	0	0	0	0	0	0	0	0	0	0	0	0	0	0	0	0	0	0	0	0	0	0	0	0	0	0	0	0	0	0	0
Sonata of Chaos	Every odd salvo increases own Reload by 30% (50%) and damage by 10% (20%) until the next salvo is fired. Every even salvo increases critical rate by 10% (20%) and critical damage by 30% (50%) until the next salvo is fired.	Friedrich der Grosse	0	0	0	0	0	0	0	0	0	0	0	0	0	0	0	0	0	0	0	0	0	0	0	0	0	0	0	0	0	0	0	0	0	0	0	0	0	0	0.5	0	0	0	0
Song of the Stars	"Increase own Anti-Air stat by 10% (25%). Every 20 seconds, 50% (100%) chance to release a powerful barrage."	San Diego (Retrofit)	0	0	0	0	0	0	0	0	0.25	0	0	0	0	0	0	0	0	0	0	0	0	0	0	0	0	0	0	0	0	0	0	0	0	0	0	0	0	0	0	0	0	0	0
Star Spark!	"Every 14 seconds, releases a star-shaped barrage (damage increases with skill level)."	Li'l Sandy	0	0	0	0	0	0	0	0	0	0	0	0	0	0	0	0	0	0	0	0	0	0	0	0	0	0	0	0	0	0	0	0	0	0	0	0	0	0	0	0	0	0	0
Super Aiming Adjustments	"Increases Main Gun critical rate by 15% (30%), but increases its Spread Range by 1. Every 16 seconds after the start of the battle: 40% (70%) chance to fire a special barrage (damage is based on skill level)."	Super Gamer Kizuna AI	0	0	0	0	0	0	0	0	0	0	0	0	0	0	0	0	0	0	0	0	0	0	0	0	0	0	0	0	0	0	0	0	0	0	0	0	0	0	0	0	0	0	0
Suppression Fire	"Whenever own torpedoes hit 5 times, increases own Firepower by 3.5% (8%). Can be stacked up to 3 times."	Mogami (Retrofit)	0	0	0	0	0	0.08	0	0	0	0	0	0	0	0	0	0	0	0	0	0	0	0	0	0	0	0	0	0	0	0	0	0	0	0	0	0	0	0	0	0	0	0	0
Surprise Gift	When resurfacing: launches torpedoes (damage increases with Level) that have a 70% chance to inflict Burn damage (based on Torpedo stat) upon hit.	Albacore	0	0	0	0	0	0	0	0	0	0	0	0	0	0	0	0	0	0	0	0	0	0	0	0	0	0	0	0	0	0	0	0	0	0	0	0	0	0	0	0	0	0	0
"Swordfish, Take Off!"	When launching an airstrike: reduces Speed of all enemies onscreen by 30% (60%) for 8 seconds and deploys additional Swordfish planes that launch torpedoes (damage increases with Level).	Ark Royal	0	0	0	0	0	0	0	0	0	0	0	0	0	0	0	0	0	0	0	0	0	0	0	0	0	0	0	0	0	0	0	0	0	0	0	0	0	0	0	0	0	0	0
"Swordfishes, Strike!"	Increase own damage dealt to Battleships by 4% (10%). When launching an airstrike: deploys additional Swordfish planes that launch torpedoes (damage increases with skill level) which reduce the speed of enemies they hit by 40% for 6 seconds.	Centaur	0	0	0	0	0	0	0	0	0	0	0	0	0	0	0	0	0	0	0	0	0	0	0.4	0	0	0	0	0	0	0	0	0	0	0	0	0	0	0	0	0	0	0	0
Symphony of Destruction	Upon taking damage OR when an enemy ship enters a certain range: fires a Level 1 (10) barrage with Secondary Guns that ignores the enemy's armor type (damage is based on skill level). Has a cooldown of 15 seconds.	Friedrich der Grosse	0	0	0	0	0	0	0	0	0	0	0	0	0	0	0	0	0	0	0	0	0	0	0	0	0	0	0	0	0	0	0	0	0	0	0	0	0	0	0	0	0	0	0
Tänzerin Trombe	"Each hit with the main gun increases own torpedoes' critical strike chance by 0.6% (1.5%) (stacks up to 20 times, effect resets after torpedo lauch)."	White Heart	0	0	0	0	0	0	0	0	0	0	0	0	0	0	0	0	0	0	0	0	0	0	0	0	0	0	0	0	0	0	0	0	0	0	0	0	0	0	0	0	0	0	0
Target Designator - Torpedo	When own torpedoes hit a target: 7% (17%) chance to increase Torpedo damage dealt to targeted enemy ship by 20% (40%) for 8 seconds (Effect does not overlap).	"Tanikaze (Retrofit), Matchless"	0	0	0	0	0	0	0	0	0	0	0	0	0	0	0	0	0	0	0	0	0	0	0	0	0	0	0	0	0	0	0	0	0.4	0	0	0	0	0	0	0	0	0	0
Ten Sisters	"When taking damage, 4% (10%) chance to fire a special barrage; 5 seconds cool down after activation. The skill can be activated up to 6 times each battle."	Kuon	0	0	0	0	0	0	0	0	0	0	0	0	0	0	0	0	0	0	0	0	0	0	0	0	0	0	0	0	0	0	0	0	0	0	0	0	0	0	0	0	0	0	0
Termination Mode	"Every 20 seconds, 40% (70%) chance to increase own Reload stat by 200% for 10 seconds and release a powerful barrage, while firing a machine-gun burst of fast torpedoes."	Laffey (Retrofit)	0	0	0	0	0	0	0	0	0	0	0	0	0	0	0	0	0	0	0	0	0	0	0	0	0	0	0	0	0	0	0	0	0	0	0	0	0	0	0	0	0	0	0
The Bull of Scapa Flow	"When own torpedo hits an enemy ship: in the next 5 seconds, the next torpedo to hit that enemy will deal 20% (40%) more damage."	U-47	0	0	0	0	0	0	0	0	0	0	0	0	0	0	0	0	0	0	0	0	0	0	0	0	0	0	0	0	0	0	0	0	0.4	0	0	0	0	0	0	0	0	0	0
The Light of an Oath	"When present in battle, once per battle, if a ship falls below 20% health, trigger a torpedo barrage; if Bismarck is present, the barrage is enhanced."	U-556	0	0	0	0	0	0	0	0	0	0	0	0	0	0	0	0	0	0	0	0	0	0	0	0	0	0	0	0	0	0	0	0	0	0	0	0	0	0	0	0	0	0	0
The Star of Fjord	"Once per battle, when launching the first wave of torpedoes: launches a special barrage (damage is based on skill level)."	Hardy	0	0	0	0	0	0	0	0	0	0	0	0	0	0	0	0	0	0	0	0	0	0	0	0	0	0	0	0	0	0	0	0	0	0	0	0	0	0	0	0	0	0	0
Thundering Mountains of Flames	If equipped with a high caliber Main Gun (280mm or more): increases damage dealt with Main Gun by up to 15% (25%) depending on the distance the shells travel. Also increases Burn damage dealt to enemies by 20% (50%).	Azuma	0	0	0	0	0	0	0	0	0	0	0	0	0	0	0	0	0	0	0	0	0	0	0	0	0	0	0	0	0	0	0	0	0	0	0	0	0	0	0	0	0	0	0
Torpedo Launch	"Every 35 (20) seconds, fires 3 torpedoes towards the front (damage depends on skill level)."	"Scharnhorst, Gneisenau"	0	0	0	0	0	0	0	0	0	0	0	0	0	0	0	0	0	0	0	0	0	0	0	0	0	0	0	0	0	0	0	0	0	0	0	0	0	0	0	0	0	0	0
"Torpedoes, Launch!"	"Every 35 (20) seconds, launches a torpedo barrage (damage increases with Skill Level)."	Hiei-chan	0	0	0	0	0	0	0	0	0	0	0	0	0	0	0	0	0	0	0	0	0	0	0	0	0	0	0	0	0	0	0	0	0	0	0	0	0	0	0	0	0	0	0
Twin Shadow Musou	"When paired with Uruuru, every 55 seconds after the start of a battle, activate a special barrage. The skill can be activated for maximum 2 times each battle (damage based on skill level)."	"Uruuru, Saraana"	0	0	0	0	0	0	0	0	0	0	0	0	0	0	0	0	0	0	0	0	0	0	0	0	0	0	0	0	0	0	0	0	0	0	0	0	0	0	0	0	0	0	0
Unyielding Power	"When used as the flagship, 40% (70%) to trigger a barrage when firing main gun. Damage dealt by Ironblood carriers is increased by 10% (20%)."	Bismarck	0	0	0	0	0	0	0	0	0	0	0	0	0	0	0	0	0	0	0	0	0	0	0	0	0	0	0	0	0	0	0	0	0	0	0	0	0	0	0	0	0	0	0
Victorious Song	Increases own damage dealt to Battleships by 10% (20%) and decreases damage taken from plunging shots (shots that travel in an arc) by 10% (20%).	Victorious	0	0	0	0	0	0	0	0	0	0	0	0	0	0	0	0	0	0	0	0	0	0	0.2	0	0	0	0	0	0	0	0	0	0	0	0	0	0	0	0	0	0	0	0
Victory Slash	"115 seconds after the battle starts, releases a powerful barrage (damage depends on skill level). Can occur only once per battle."	Purple Heart	0	0	0	0	0	0	0	0	0	0	0	0	0	0	0	0	0	0	0	0	0	0	0	0	0	0	0	0	0	0	0	0	0	0	0	0	0	0	0	0	0	0	0
Wahrheit	"When firing main gun, the first salvo round is guaranteed to critical hit. When equipped with CL guns in the secondary slot, increase detection range and shooting range to 65 (90), but decrease damage done by secondary guns by 35%."	Bismarck	0	0	0	0	0	0	0	0	0	0	0	0	0	0	0	0	0	0	0	0	0	0	0	0	0	0	0	0	0	0	0	0	0	0	0	0	0	0	0	0	0	0	0
Warrior Soul	Increases own Speed by 3 (8) and Firepower by 3% (15%).	"Ning Hai (Retrofit), Ping Hai (Retrofit)"	0	0	0	0	0	0.15	0	0	0	0	0	0	0	0	0	0	0	0	0	0	0	0	0	0	0	0	0	0	0	0	0	0	0	0	0	0	0	0	0	0	0	0	0
Warrior Vessel	When launching an airstrike: launches an additional TBF Avenger squadron that inflicts flood damage on hit. Increases damage dealt to Battleships by 4% (10%).	Essex	0	0	0	0	0	0	0	0	0	0	0	0	0	0	0	0	0	0	0	0	0	0	0.4	0	0	0	0	0	0	0	0	0	0	0	0	0	0	0	0	0	0	0	0
Warship of the Dawn's Radiance	When firing main gun: increases own Firepower and Anti-Air by 1.5% (6%). Can be stacked up to 4 times.	Haruna	0	0	0	0	0	0.24	0	0	0.24	0	0	0	0	0	0	0	0	0	0	0	0	0	0	0	0	0	0	0	0	0	0	0	0	0	0	0	0	0	0	0	0	0	0
Wasp's Double Sting	"If sortied with a Royal Navy ship in the Main Fleet, when launching an airstrike: 30% (50%) chance to launch additional Spitfire planes."	Wasp	0	0	0	0	0	0	0	0	0	0	0	0	0	0	0	0	0	0	0	0	0	0	0	0	0	0	0	0	0	0	0	0	0	0	0	0	0	0	0	0	0	0	0
Witch's Prank	When launching an airstrike: 40% (70%) chance to launch additional planes (damage based on skill level and Aviation stat) that inflict flood and burn damage on hit.	Saratoga (Retrofit)	0	0	0	0	0	0	0	0	0	0	0	0	0	0	0	0	0	0	0	0	0	0	0	0	0	0	0	0	0	0	0	0	0	0	0	0	0	0	0	0	0	0	0
Wolf Pack Formation	"During battle, increases own Torpedo stat and Reload by 1.5% (6.0%) per Ironblood submarine in the same fleet."	"U-556, U-73, U-557"	0	0	0	0	0	0	0.18	0	0	0	0	0	0	0	0	0	0	0	0	0	0	0	0	0	0	0	0	0	0	0	0	0	0	0	0	0	0	0	0	0	0	0	0
Wolf Pack Formation - U-81	"Increases own Evasion by 20% (40%). During battle, increases own Torpedo stat, Reload and Accuracy by 2.5% (7%) per Ironblood submarine in the same fleet."	U-81	0	0	0	0	0	0	0.21	0	0	0	0	0	0	0	0	0	0	0	0	0	0	0	0	0	0	0	0	0	0	0	0	0	0	0	0	0	0	0	0	0	0	0	0
A Miracle in the Flame	"Decreases Burn damage taken by self by 5% (15%) and Burn duration by 3 seconds. Once per battle, if Health is below 25%, upon taking damage: increases own Evasion Rate by 10% (30%) for 10 seconds."	Mullany	0	0	0	0	0	0	0	0	0	0	0	0	0	0	0	0	0	0	0	0	0	0	0	0	0	0	0	0	0	0	0	0	0	0	0	0	0	0	0	0	0	0	0
Absolute Evasion	"During battle, if the fleet consists of 4 or more Eagle Union ships: all ships in the fleet have a 4.5% (12%) chance to reduce aircraft torpedo and bomb damage taken to 1."	Essex	0	0	0	0	0	0	0	0	0	0	0	0	0	0	0	0	0	0	0	0	0	0	0	0	0	0	0	0	0	0	0	0	0	0	0	0	0	0	0	0	0	0	0
Aerial Cover	When launching an airstrike: decreases damage taken by the Escort Fleet by 5% (15%) for 8 seconds. Does not stack with the same skill.	Glorious	0	0	0	0	0	0	0	0	0	0	0	0	0	0	0	0	0	0	0	0	0	0	0	0	0	0	0	0	0	0	0	0	0	0	0	0	0	0	0	0	0	0	0
Against the Current	"Increases own Reload by 0.6 (1) for every 1% loss in her HP. Additionally, when HP is 20% or less, heals for 3% max HP every 2 seconds for 8 seconds. This effect only occurs once per battle."	Monarch	0	0	0	0	0	0	0	0	0	0	0	0	0	0	0	0	0	0	0	0	0	0	0	0	0	0	0	0	0	0	0	0	0	0	0	0	0	0	0	0	0	0	0
All Rounded Armor	Every 30 seconds: spawns 4 rotating shields that absorb 8 shots each; lasts 5 (15) seconds.	Roon	0	0	0	0	0	0	0	0	0	0	0	0	0	0	0	0	0	0	0	0	0	0	0	0	0	0	0	0	0	0	0	0	0	0	0	0	0	0	0	0	0	0	0
Anti-Air Alert	Increase own Anti-Air by 5% (15%).	"Bush, Kimberly"	0	0	0	0	0	0	0	0	0.15	0	0	0	0	0	0	0	0	0	0	0	0	0	0	0	0	0	0	0	0	0	0	0	0	0	0	0	0	0	0	0	0	0	0
Anti-Air Mode	"When firing Anti-Air Guns, 25% chance to increase own Anti-Air by 20% (40%), and decrease own Firepower by 40% (20%) for 3 seconds."	"Newcastle, Columbia, Niizuki, Atlanta, Hammann (Retrofit), Denver, Cleveland, St. Louis, Isuzu, Juneau, Montpelier"	0	0	0	0	0	-0.2	0	0	0.4	0	0	0	0	0	0	0	0	0	0	0	0	0	0	0	0	0	0	0	0	0	0	0	0	0	0	0	0	0	0	0	0	0	0
Anti-Air Order	"10.0% (30.0%) chance to activate when AA gun fires, increase frontline's AA stat by 10.0% (30.0%) for 10 seconds; For every 5 aircraft shot down within fleet's AA radius, increase own Firepower by 1% and reduce aviation damage taken by main fleet by 1%. This effect can be stacked up to 5 (10) times."	Swiftsure	0	0	0	0	0	0.1	0	0	0.3	0	0	0	0	0	0	0	0	0	0	0	0	0	0	0	0	0	0	0	0	0	0	0	0	0	0	0	0	0	0	0	0	0	0
Anti-Destroyer Tactics	Increase own Accuracy by 5% (20%) against enemy destroyers and decrease torpedo damage taken from enemy destroyers by 5% (20%).	"Ooshio, Asashio"	0	0	0	0	0	0	0	0	0	0	0	0	0	0	0	0	0	0	0	0	0	0	0	0	0	0	0	0	0	0	0	0	0	0	0	0	0	0	0	0	0	0	0
AP Protection	Reduces AP damage taken by self by 10% (20%).	"Mikuma, Suzuya, Mogami"	0	0	0	0	0	0	0	0	0	0	0	0	0	0	0	0	0	0	0	0	0	0	0	0	0	0	0	0	0	0	0	0	0	0	0	0	0	0	0	0	0	0	0
Aquatic Hurricane	"Every 10 seconds, 20% (40%) chance to increase own Evasion by 30% (60%) for 8 seconds."	Maury	0	0	0	0	0	0	0	0	0	0	0	0	0	0	0	0	0	0	0	0	0	0	0	0	0	0	0	0	0	0	0	0	0	0	0	0	0	0	0	0	0	0	0
Assam Link	Increases own Reload by 1.5% (5%) and reduces damage taken from shelling by self by 1.5% (5%) per Destroyer in the fleet.	Vert	0	0	0	0	0	0	0	0	0	0	0	0	0	0	0	0	0	0	0	0	0	0	0	0	0	0	0	0	0	0	0	0	0	0	0	0	0	0	0	0	0	0	0
Battle of Kula Gulf	"Every 20 seconds, 40% (70%) chance to increase own Firepower, Torpedo, and Reload by 20% (40%) for 10 seconds. Once per battle, if an escort ship's Health falls below 20%, decrease the damage it takes by 5% (15%); If the ship is Helena, additionally heal 8% of Helena's max Health."	Nicholas (Retrofit)	0	0	0	0	0	0.4	0.4	0	0	0	0	0	0	0	0	0	0	0	0	0	0	0	0	0	0	0	0	0	0	0	0	0	0	0	0	0	0	0	0	0	0	0	0
Battleship Escort	"When alive in fleet, reduce damage taken by allied BBs/BCs by 5% (15%). Does not stack with the same skill."	"Michishio, Jupiter, Echo"	0	0	0	0	0	0	0	0	0	0	0	0	0	0	0	0	0	0	0	0	0	0	0	0	0	0	0	0	0	0	0	0	0	0	0	0	0	0	0	0	0	0	0
Carrier Protection	"While alive in fleet, reduces damage taken by allied CVs/CVLs by 5% (15%). Does not stack with the same skill."	"Mikuma, Ardent, Shiranui (Retrofit), Yuugure, Agano"	0	0	0	0	0	0	0	0	0	0	0	0	0	0	0	0	0	0	0	0	0	0	0	0	0	0	0	0	0	0	0	0	0	0	0	0	0	0	0	0	0	0	0
Chevalier's Bouclier	"If Escort fleet consists of only Iris Libre (FFNF) and Vichya Dominion (MNF) ships, every 20 seconds: 50% chance to decrease damage taken by entire fleet by 10% (30%) for 8 seconds. Does not stack with the same skill."	Forbin	0	0	0	0	0	0	0	0	0	0	0	0	0	0	0	0	0	0	0	0	0	0	0	0	0	0	0	0	0	0	0	0	0	0	0	0	0	0	0	0	0	0	0
Coercion Assistance Mode	Increase own Accuracy and Evasion by 10% (25%) through the use of advanced super A.I. tracking.	Super Gamer Kizuna AI	0	0	0	0	0	0	0	0	0	0	0	0	0	0	0	0	0	0	0	0	0	0	0	0	0	0	0	0	0	0	0	0	0	0	0	0	0	0	0	0	0	0	0
Crane's Protection	When launching an airstrike: all ships in the fleet deal 4% (10%) more damage and take 4% (10%) less damage for 12 seconds.	Shoukaku	0	0.1	1	1	1	0	0	0	0	0	0	0	0	0	0	0	0	0	0	0	0	0	0	0	0	0	0	0	0	0	0	0	0	0	0	0	0	0	0	0	0	0	0
Crete's Black Cloud	"Every 20 seconds, increase own Anti-Air by 20% (60%) and decreases damage taken by all ships in the fleet by 3.5% (8%) for 6 seconds."	Fiji	0	0	0	0	0	0	0	0	0.6	0	0	0	0	0	0	0	0	0	0	0	0	0	0	0	0	0	0	0	0	0	0	0	0	0	0	0	0	0	0	0	0	0	0
Crimson Phoenix	"When Health falls under 20%, heals 15% (25%) of max Health and increase own Firepower by 30% for 15 seconds. Can only occur once per battle."	Phoenix	0	0	0	0	0	0.3	0	0	0	0	0	0	0	0	0	0	0	0	0	0	0	0	0	0	0	0	0	0	0	0	0	0	0	0	0	0	0	0	0	0	0	0	0
Crisis Prevention!	Upon taking damage: 4.5% (12.0%) chance to fire a special torpedo barrage and avoid all enemy attacks for 3 seconds. Once the effect ends: increases own Evasion by 20% (40%) for 3 seconds.	Kizuna AI	0	0	0	0	0	0	0	0	0	0	0	0	0	0	0	0	0	0	0	0	0	0	0	0	0	0	0	0	0	0	0	0	0	0	0	0	0	0	0	0	0	0	0
Damage Control	"Once per battle, when a ship falls under 20% Health: heals that ship for 10% (20%) of its max Health. If the target is Enterprise, the healing amount is increased by 50%."	Vestal	0	0	0	0	0	0	0	0	0	0	0	0	0	0	0	0	0	0	0	0	0	0	0	0	0	0	0	0	0	0	0	0	0	0	0	0	0	0	0	0	0	0	0
Defensive Shield	"Every 30 seconds, spawns 2 rotating shields; each shield can block 10 bullets. Shields last for 5 (15) seconds."	Admiral Hipper	0	0	0	0	0	0	0	0	0	0	0	0	0	0	0	0	0	0	0	0	0	0	0	0	0	0	0	0	0	0	0	0	0	0	0	0	0	0	0	0	0	0	0
Demon Dance	"Every 20 seconds, 40% (70%) chance to increase own Evasion by 30% for 5 seconds and release a powerful barrage while launching fast torpedoes in a helical pattern."	Ayanami (Retrofit)	0	0	0	0	0	0	0	0	0	0	0	0	0	0	0	0	0	0	0	0	0	0	0	0	0	0	0	0	0	0	0	0	0	0	0	0	0	0	0	0	0	0	0
Draw Fire	Every 20 seconds: 10% (40%) chance to absorb 50% of damage taken by Escort Fleet for 8 seconds. Effect does not stack.	"Myoukou, Nachi"	0	0	0	0	0	0	0	0	0	0	0	0	0	0	0	0	0	0	0	0	0	0	0	0	0	0	0	0	0	0	0	0	0	0	0	0	0	0	0	0	0	0	0
Dullahan	"When Health falls under 30%, decrease damage received by 5% (10%). Then, for the next 16 seconds, decrease speed by 2, and recover 1% (4%) max Health every 3 seconds. Can only occur once per battle."	Minneapolis	0	0	0	0	0	0	0	0	0	0	0	0	0	0	0	0	0	0	0	0	0	0	0	0	0	0	0	0	0	0	0	0	0	0	0	0	0	0	0	0	0	0	0
Efficacious Planning	"While alive in fleet, reduces Burn damage taken by the Main Fleet by 5% (15%) and increases their Evasion Rate by 4% (10%)."	Amagi	0	0	0	0	0	0	0	0	0	0	0	0	0	0	0	0	0	0	0	0	0	0	0	0	0	0	0	0	0	0	0	0	0	0	0	0	0	0	0	0	0	0	0
Emergency Evasion	"Every 20 seconds, 15% (30%) chance to evade all incoming attacks for 6 seconds."	"Bulldog, Fortune, Le Mars (Retrofit), Grenville, Crescent, Glowworm, Hamakaze (Retrofit), Beagle, Forbin (Retrofit), Cygnet, Matsukaze (Retrofit)"	0	0	0	0	0	0	0	0	0	0	0	0	0	0	0	0	0	0	0	0	0	0	0	0	0	0	0	0	0	0	0	0	0	0	0	0	0	0	0	0	0	0	0
Engine Boost	Increases own Speed by 3 (8). After battle begins: increases own Evasion by 15% (35%) for 40 seconds.	Saint Louis	0	0	0	0	0	0	0	0	0	0	0	0	0	0	0	0	0	0	0	0	0	0	0	0	0	0	0	0	0	0	0	0	0	0	0	0	0	0	0	0	0	0	0
Evasive Escort	"While alive in fleet, reduces damage received by the main fleet by 3.5% (8%); reduces own damage received from Destroyers' and Light Cruisers' guns and torpedoes by 1% (10%)."	Le Temeraire	0	0	0	0	0	0	0	0	0	0	0	0	0	0	0	0	0	0	0	0	0	0	0	0	0	0	0	0	0	0	0	0	0	0	0	0	0	0	0	0	0	0	0
Everything Is In Order	Decreases Burn duration by 3 seconds and decreases HE damage taken by 5% (15%).	Elegant Kizuna AI	0	0	0	0	0	0	0	0	0	0	0	0	0	0	0	0	0	0	0	0	0	0	0	0	0	0	0	0	0	0	0	0	0	0	0	0	0	0	0	0	0	0	0
Excitatory Poison	"After battle starts, increases own Torpedo stat and Evasion by 5% (20%) for 30 seconds, then decreases the buff to 0% during the next 20 seconds."	Le Malin	0	0	0	0	0	0	0.2	0	0	0	0	0	0	0	0	0	0	0	0	0	0	0	0	0	0	0	0	0	0	0	0	0	0	0	0	0	0	0	0	0	0	0	0
Final Counterattack	"Once per battle, upon taking lethal damage: become invincible and evade all attacks for 5 (15) seconds; simultaneously, launch an additional airstrike."	Hiryuu	0	0	0	0	0	0	0	0	0	0	0	0	0	0	0	0	0	0	0	0	0	0	0	0	0	0	0	0	0	0	0	0	0	0	0	0	0	0	0	0	0	0	0
Flank Coverage	Reduce damage received by Main Fleet by 5% (15%). Does not stack with the same skill.	"Fortune (Retrofit), Foxhound (Retrofit)"	0	0	0	0	0	0	0	0	0	0	0	0	0	0	0	0	0	0	0	0	0	0	0	0	0	0	0	0	0	0	0	0	0	0	0	0	0	0	0	0	0	0	0
Focused Defense	"When taking damage, 3.5% (8.0%) chance to decrease said damage by 50%."	"Indianapolis, Nevada, Admiral Hipper, Oklahoma"	0	0	0	0	0	0	0	0	0	0	0	0	0	0	0	0	0	0	0	0	0	0	0	0	0	0	0	0	0	0	0	0	0	0	0	0	0	0	0	0	0	0	0
Frontal Armor	Upon taking damage: 15% chance to spawn a frontal shield for 5 (15) seconds that blocks up to 12 shots.	Norfolk	0	0	0	0	0	0	0	0	0	0	0	0	0	0	0	0	0	0	0	0	0	0	0	0	0	0	0	0	0	0	0	0	0	0	0	0	0	0	0	0	0	0	0
Galloping Ghost of Java Coast	When firing main gun: 20% chance to increase own Evasion by 60% (100%) for 15 seconds.	Houston	0	0	0	0	0	0	0	0	0	0	0	0	0	0	0	0	0	0	0	0	0	0	0	0	0	0	0	0	0	0	0	0	0	0	0	0	0	0	0	0	0	0	0
Gambler's Ship	"Every 20 seconds, gain one of three random effect for 5 (10) seconds:30% chance to get +30% evasion 30% chance to get +20% critical chance and +50% critical damage 40% chance to get +20% damage taken."	Nowaki	0	0	0	0	0	0	0	0	0	0	0	0	0	0	0	0	0	0	0	0	0	0	0	0	0	0	0	0	0	0	0	0	0	0	0	0	0	0	0.5	0	0	0	0
Goddess of the Sea	"When own Health falls below 20%, recovers 15% (25%) of max Health and increases own Reload by 30% until the end of the battle. Can only occur once per battle."	HMS Neptune	0	0	0	0	0	0	0	0	0	0	0	0	0	0	0	0	0	0	0	0	0	0	0	0	0	0	0	0	0	0	0	0	0	0	0	0	0	0	0	0	0	0	0
Holy Mountain's Little Witch	"Every 20 seconds during battle, reduces main fleet ignition damage by 30% (60%) for 8 seconds."	Hiei-chan	0	0	0	0	0	0	0	0	0	0	0	0	0	0	0	0	0	0	0	0	0	0	0	0	0	0	0	0	0	0	0	0	0	0	0	0	0	0	0	0	0	0	0
Hundred Honey	"When Fumirul launches an airstrike, 30% (60%) chance to heal the ship with the lowest HP for 2% (10%) of her max Health."	Fumiruiru	0	0	0	0	0	0	0	0	0	0	0	0	0	0	0	0	0	0	0	0	0	0	0	0	0	0	0	0	0	0	0	0	0	0	0	0	0	0	0	0	0	0	0
Ironblood Wings	Reduces damage received by all Ironblood ships in the fleet by 5% (15%).	Graf Zeppelin	0	0	0	0	0	0	0	0	0	0	0	0	0	0	0	0	0	0	0	0	0	0	0	0	0	0	0	0	0	0	0	0	0	0	0	0	0	0	0	0	0	0	0
Javelin Raid	"When firing main gun, 5% chance to increase own Evasion by 30% (60%) for 8 seconds."	Javelin	0	0	0	0	0	0	0	0	0	0	0	0	0	0	0	0	0	0	0	0	0	0	0	0	0	0	0	0	0	0	0	0	0	0	0	0	0	0	0	0	0	0	0
Ladies' Tea Time	"After battle begins, recovers HP of entire fleet equal to 1% (3.5%) of Little Bel's max HP."	Little Bel	0	0	0	0	0	0	0	0	0	0	0	0	0	0	0	0	0	0	0	0	0	0	0	0	0	0	0	0	0	0	0	0	0	0	0	0	0	0	0	0	0	0	0
Logistics Maintenance	"Every 35 seconds, recovers HP of entire fleet equal to 1% (3%) of Akashi's max HP."	Akashi	0	0	0	0	0	0	0	0	0	0	0	0	0	0	0	0	0	0	0	0	0	0	0	0	0	0	0	0	0	0	0	0	0	0	0	0	0	0	0	0	0	0	0
Miracle Wind	"If Tanikaze is the only alive ship left of the Escort Fleet, increases own Evasion by 4% (10%) and reduce damage taken from airstrike by 30% (50%)."	Tanikaze	0	0	0	0	0	0	0	0	0	0	0	0	0	0	0	0	0	0	0	0	0	0	0	0	0	0	0	0	0	0	0	0	0	0	0	0	0	0	0	0	0	0	0
Mizuho's Intuition	Every 20 seconds: 30% (70%) chance to increase own Evasion by 10% (20%) and Accuracy by 20% (50%) for 12 seconds.	Azuma	0	0	0	0	0	0	0	0	0	0	0	0	0	0	0	0	0	0	0	0	0	0	0	0	0	0	0	0	0	0	0	0	0	0	0	0	0	0	0	0	0	0	0
Mobile Fleet's Vanguard	"While alive in fleet, reduces damage received by main fleet by 3.5% (8%). Additionally, reduces Light Cruisers' and Destroyers' gun and torpedo damage dealt to Hatakaze by 1% (10%)."	"Hatakaze, L'Opiniatre"	0	0	0	0	0	0	0	0	0	0	0	0	0	0	0	0	0	0	0	0	0	0	0	0	0	0	0	0	0	0	0	0	0	0	0	0	0	0	0	0	0	0	0
Naive Girl	"When firing Anti-Air guns: 30% chance to increase own Anti-Air stat by 5% (25%) for 5 seconds. Once per battle, if sortied with Li'l Sandy or Clevelad, and their Health falls under 40%: increases own Firepower and Accuracy by 5% (25%) for 15 seconds."	Lena	0	0	0	0	0	0.4	0	0	0	0	0	0	0	0	0	0	0	0	0	0	0	0	0	0	0	0	0	0	0	0	0	0	0	0	0	0	0	0	0	0	0	0	0
Night of the Iron Bottom Sound	When Health of South Dakota falls under 30%: increases own damage dealt by 5% (20%) and absorbs 30% damage taken by South Dakota(damage taken through South Dakota's skill 'The Strongest Shield' will NOT be transferred). South Dakota also avoids all lethal damage for 5 seconds. Can only occur once per battle.	Washington	0	0	0	0	0	0	0	0	0	0	0	0	0	0	0	0	0	0	0	0	0	0	0	0	0	0	0	0	0	0	0	0	0	0	0	0	0	0	0	0	0	0	0
No Flying Allowed!	When an enemy aircraft is shot down within the fleet's AA range: increases own Firepower and Anti-Air by 5% (15%) for 8 seconds. If fleet has shot down 15 or more enemy aircraft during the battle: increases own Firepower by 5% (15%) and Reload by 10% (20%) for the rest of the battle.	Seattle	0	0	0	0	0	0.3	0	0	0	0	0	0	0	0	0	0	0	0	0	0	0	0	0	0	0	0	0	0	0	0	0	0	0	0	0	0	0	0	0	0	0	0	0
Operation Rainbow	When taking damage: Escort Fleet has 15% chance to evade all incoming attacks for 5 (10) seconds (Has a 20 second cooldown. Skill starts on cooldown.)	Eldridge	0	0	0	0	0	0	0	0	0	0	0	0	0	0	0	0	0	0	0	0	0	0	0	0	0	0	0	0	0	0	0	0	0	0	0	0	0	0	0	0	0	0	0
Pandora's Box	"Every 30 seconds, spawns 2 rotating shields for 5 (15) seconds that block up to 8 shots. When broken, explodes and deals a small amount of damage to nearby enemies."	Indianapolis	0	0	0	0	0	0	0	0	0	0	0	0	0	0	0	0	0	0	0	0	0	0	0	0	0	0	0	0	0	0	0	0	0	0	0	0	0	0	0	0	0	0	0
Perceptive Suppression Module	When Health falls below 50%: increases own Evasion by 15% (30%) and recovers 2% of max HP every 2 seconds for 8 seconds. Can only activate twice per battle.	Gascogne	0	0	0	0	0	0	0	0	0	0	0	0	0	0	0	0	0	0	0	0	0	0	0	0	0	0	0	0	0	0	0	0	0	0	0	0	0	0	0	0	0	0	0
Protective Armour	Reduce gun-based damage from enemy destroyers and light cruisers by 5% (20%).	"Vincennes, Astoria, Quincy"	0	0	0	0	0	0	0	0	0	0	0	0	0	0	0	0	0	0	0	0	0	0	0	0	0	0	0	0	0	0	0	0	0	0	0	0	0	0	0	0	0	0	0
Pulse of Life	"Every 10 seconds, 5% (25%) chance to heal Rurutie for 2% of her max Health. The skill can be activated for maximum 6 times each battle."	Rurutie	0	0	0	0	0	0	0	0	0	0	0	0	0	0	0	0	0	0	0	0	0	0	0	0	0	0	0	0	0	0	0	0	0	0	0	0	0	0	0	0	0	0	0
Ramming Prohibited	Decreases damage Vanguard Fleet takes when colliding with an enemy ship by 15% (30%).	Arashio	0	0	0	0	0	0	0	0	0	0	0	0	0	0	0	0	0	0	0	0	0	0	0	0	0	0	0	0	0	0	0	0	0	0	0	0	0	0	0	0	0	0	0
Recommissioned	"When Health falls under 20%, heal 15% (25%) of max Health. Can only occur once per battle."	"Downes, Cassin"	0	0	0	0	0	0	0	0	0	0	0	0	0	0	0	0	0	0	0	0	0	0	0	0	0	0	0	0	0	0	0	0	0	0	0	0	0	0	0	0	0	0	0
Regular Maintenance	Begins each Sortie with 1 (3) Emergency Repair.	"Akashi, Vestal"	0	0	0	0	0	0	0	0	0	0	0	0	0	0	0	0	0	0	0	0	0	0	0	0	0	0	0	0	0	0	0	0	0	0	0	0	0	0	0	0	0	0	0
Rescue Operations	When an allied ship's HP falls to 0: 30.0% (60.0%) chance to heal self by 3.5% (8.0%) of own max HP and other allied ships' HP by 1.2% (3.0%) of their max HP.	"Hamakaze, Urakaze"	0	0	0	0	0	0	0	0	0	0	0	0	0	0	0	0	0	0	0	0	0	0	0	0	0	0	0	0	0	0	0	0	0	0	0	0	0	0	0	0	0	0	0
Safety First!	"While alive in fleet, increases Speed of all ships in Escort Fleet by 3, and reduces damage taken from ramming by 15% (25%). Once per battle, when taking damage while own Health is below 30%: evades all incoming attack for 2 (5) seconds, and increases own damage dealt by 5% (15%) for the rest of the battle."	Leipzig (Retrofit)	0	0	0	0	0	0	0	0	0	0	0	0	0	0	0	0	0	0	0	0	0	0	0	0	0	0	0	0	0	0	0	0	0	0	0	0	0	0	0	0	0	0	0
Sakura Armored Carrier	Reduces High Explosive damage by 5% (20%) (only applies to self) and reduces Aviation damage received by 5% (20%) (only applies to self).	Taihou	0	0	0	0	0	0	0	0	0	0	0	0	0	0	0	0	0	0	0	0	0	0	0	0	0	0	0	0	0	0	0	0	0	0	0	0	0	0	0	0	0	0	0
Shigure of Sasebo	"When firing main gun, 5% chance to increase own Evasion by 30% (60%) for 8 seconds."	Shigure	0	0	0	0	0	0	0	0	0	0	0	0	0	0	0	0	0	0	0	0	0	0	0	0	0	0	0	0	0	0	0	0	0	0	0	0	0	0	0	0	0	0	0
Shiny Sheff	"All allied ships with lower health than Sheffield at the start of battle gain the effect: When taking damage, 10.0% (30.0%) chance to receive 20.0% (50.0%) less damage."	Sheffield	0	0	0	0	0	0	0	0	0	0	0	0	0	0	0	0	0	0	0	0	0	0	0	0	0	0	0	0	0	0	0	0	0	0	0	0	0	0	0	0	0	0	0
Smokescreen	"After battle begins, and 15% (30%) chance to activate every 15 seconds after that: deploys a smokescreen for 5 seconds. Escort ships within the smokescreen have 20% (40%) additional Evasion Rate, does not stack with same skill effect."	"Juno, Leander (Retrofit), Crescent (Retrofit), Acasta, Comet (Retrofit), Bailey, Southampton, Sims (Retrofit), Cygnet (Retrofit)"	0	0	0	0	0	0	0	0	0	0	0	0	0	0	0	0	0	0	0	0	0	0	0	0	0	0	0	0	0	0	0	0	0	0	0	0	0	0	0	0	0	0	0
Smokescreen - Light Cruiser	"10 seconds after battle begins, and 20% chance to activate every 20 seconds after that: deploys a smokescreen for 10 seconds. Escort ships within the smokescreen have their Evasion Rate increased by 15% (35%) and take 15% (35%) less damage from airstrikes. Does not stack with same skill effect."	Belfast	0	0	0	0	0	0	0	0	0	0	0	0	0	0	0	0	0	0	0	0	0	0	0	0	0	0	0	0	0	0	0	0	0	0	0	0	0	0	0	0	0	0	0
Specialize Armor	Increase the probability of being set on fire by 6% max (exact value depends on enemy's gun caliber) and increases duration of any fires by 3 seconds. Reduces AP damage taken by self by 15% (30%).	Izumo	0	0	0	0	0	0	0	0	0	0	0	0	0	0	0	0	0	0	0	0	0	0	0	0	0	0	0	0	0	0	0	0	0	0	0	0	0	0	0	0	0	0	0
Surfaced Warfare	When resurfacing: stays on the surface for 4.5 (12) more seconds.	Surcouf	0	0	0	0	0	0	0	0	0	0	0	0	0	0	0	0	0	0	0	0	0	0	0	0	0	0	0	0	0	0	0	0	0	0	0	0	0	0	0	0	0	0	0
The Nick	"When firing main gun, 5% chance to increase own Evasion stat by 16% (40%) and decrease air damage taken by 16% (40%) for 8 seconds."	Nicholas	0	0	0	0	0	0	0	0	0	0	0	0	0	0	0	0	0	0	0	0	0	0	0	0	0	0	0	0	0	0	0	0	0	0	0	0	0	0	0	0	0	0	0
The Perfect Chibi Maid	Increases own Speed by 3 (8) and increase own Evasion by 13% (25%).	Little Bel	0	0	0	0	0	0	0	0	0	0	0	0	0	0	0	0	0	0	0	0	0	0	0	0	0	0	0	0	0	0	0	0	0	0	0	0	0	0	0	0	0	0	0
The Strongest Shield	"Every 30 seconds, absorbs 50% of damage taken by the Main Fleet for 8 seconds. At the end of the effect, heals for 20% (50%) of the damage taken."	South Dakota	0	0	0	0	0	0	0	0	0	0	0	0	0	0	0	0	0	0	0	0	0	0	0	0	0	0	0	0	0	0	0	0	0	0	0	0	0	0	0	0	0	0	0
The Unsunk Lucky Ship	"When taking damage, 5% (25%) chance to decrease said damage to 1. At the start of battle, increases own Luck stat by 5."	Yukikaze	0	0	0	0	0	0	0	0	0	0	0	0	0	0	0	0	0	0	0	0	0	0	0	0	0	0	0	0	0	0	0	0	0	0	0	0	0	0	0	0	0	0	0
Unbreakable Shield	Every 20 seconds: 40% (70%) chance to spawn 3 rotating shields that absorb 10 shots each; lasts 10 seconds.	Prinz Eugen	0	0	0	0	0	0	0	0	0	0	0	0	0	0	0	0	0	0	0	0	0	0	0	0	0	0	0	0	0	0	0	0	0	0	0	0	0	0	0	0	0	0	0
Untrained Knight	"If placed in leftmost position, reduces damage taken by self by 4.5% (12%). During battle, reduces shelling damage taken by Lena and Li'l Sandy by 3.5% (8%)."	Clevelad	0	0	0	0	0	0	0	0	0	0	0	0	0	0	0	0	0	0	0	0	0	0	0	0	0	0	0	0	0	0	0	0	0	0	0	0	0	0	0	0	0	0	0
Vampire's Kiss	"Every 35 (25) seconds, launches 3 torpedoes and heals for 20% of the damage inflicted."	Vampire	0	0	0	0	0	0	0	0	0	0	0	0	0	0	0	0	0	0	0	0	0	0	0	0	0	0	0	0	0	0	0	0	0	0	0	0	0	0	0	0	0	0	0
Vengeful Strike	"Upon taking damage: launches a SBD Dauntless squadron (damage is based on skill level); has a cooldown of 20 seconds. Once per battle, when Health falls below 20%: recovers 15% (25%) of max Health."	Yorktown	0	0	0	0	0	0	0	0	0	0	0	0	0	0	0	0	0	0	0	0	0	0	0	0	0	0	0	0	0	0	0	0	0	0	0	0	0	0	0	0	0	0	0
Veteran Destroyer	"When firing main gun, 4% chance to increase own Evasion by 20% (50%) for 8 seconds."	Kamikaze	0	0	0	0	0	0	0	0	0	0	0	0	0	0	0	0	0	0	0	0	0	0	0	0	0	0	0	0	0	0	0	0	0	0	0	0	0	0	0	0	0	0	0
War Martyr	"When sunk, all other members in the fleet recovers 15% (25%) of their max Health."	Juneau	0	0	0	0	0	0	0	0	0	0	0	0	0	0	0	0	0	0	0	0	0	0	0	0	0	0	0	0	0	0	0	0	0	0	0	0	0	0	0	0	0	0	0
White Rainbow	"100 seconds after start of a battle, increase Escort fleet's Evasion by 3.5% (8%) and recover all escort fleet members HP by 4.5% (12%) of Nekone's total HP. The skill can only be activated once per battle."	Nekone	0	0	0	0	0	0	0	0	0	0	0	0	0	0	0	0	0	0	0	0	0	0	0	0	0	0	0	0	0	0	0	0	0	0	0	0	0	0	0	0	0	0	0
Wind's Protection	"When launching torpedoes, 20% (40%) chance to evade all attacks for 5 seconds."	Kalk	0	0	0	0	0	0	0	0	0	0	0	0	0	0	0	0	0	0	0	0	0	0	0	0	0	0	0	0	0	0	0	0	0	0	0	0	0	0	0	0	0	0	0
31-Knot Burke	"When firing main gun, 4% chance to increase Fleet's movement speed, and Escort Fleet's Evasion by 20% (40%) for 8 seconds."	Charles Ausburne	0	0	0	0	0	0	0	0	0	0	0	0	0	0	0	0	0	0	0	0	0	0	0	0	0	0	0	0	0	0	0	0	0	0	0	0	0	0	0	0	0	0	0
A Bow's String Has 2 Lines!	If equipped with a CL Main Gun in own Secondary Weapon slot: increases Anti-Air Gun Efficiency by 5% (15%). If equipped with an Anti-Air Gun in own Secondary Weapon slot: increases Main Gun Efficiency by 5% (15%). If placed in the rightmost position in the Escort Fleet: decreases damage taken by self by 5% (15%).	Seattle	0	0	0	0	0	0	0	0	0	0	0	0	0	0	0	0	0	0	0	0	0	0	0	0	0	0	0	0	0	0	0	0	0	0	0	0	0	0	0	0	0	0	0
Ageless Phoenix	"While alive in fleet, decreases all enemies' Firepower, Torpedo stat and Aviation by 3% (9%)."	Amagi	0	0	0	0	0	0	0	0	0	0	0	0	0	0	0	0	0	0	0	0	0	0	0	0	0	0	0	0	0	0	0	0	0	0	0	0	0	0	0	0	0	0	0
Air Cover	"While alive in fleet, reduces incoming aviation damage taken by the Main Fleet by 5% (15%)."	North Carolina	0	0	0	0	0	0	0	0	0	0	0	0	0	0	0	0	0	0	0	0	0	0	0	0	0	0	0	0	0	0	0	0	0	0	0	0	0	0	0	0	0	0	0
Air Raid Assistance	"While alive in fleet, increases airstrike damage dealt by all CVs/CVLs by 5% (15%). Does not stacks with same skill."	"Curlew (Retrofit), Hazelwood, Ardent (Retrofit), Benson"	0	0	0	0	0.15	0	0	0	0	0	0	0	0	0	0	0	0	0	0	0	0	0	0	0	0	0	0	0	0	0	0	0	0	0	0	0	0	0	0	0	0	0	0
Air Superiority	"When launching an airstrike: increase Air Power by 5% (15%), and Firepower by 4% (10%) for all ships in the Main Fleet for 8 seconds."	Centaur	0	0	0	0	0	0.1	0	0.15	0	0	0	0	0	0	0	0	0	0	0	0	0	0	0	0	0	0	0	0	0	0	0	0	0	0	0	0	0	0	0	0	0	0	0
Air Support	"After every airstrike, increase the air power of other CV/Ls by 5% (15%) for 8 seconds"	"Houshou, Long Island (Retrofit), Shouhou (Retrofit)"	0	0	0	0	0	0	0	0.15	0	0	0	0	0	0	0	0	0	0	0	0	0	0	0	0	0	0	0	0	0	0	0	0	0	0	0	0	0	0	0	0	0	0	0
Alliance and Mutual Assistance	"Increase Firepower, Reload and Accuracy by 4.5% (12%) for all North Union and Eastern Radiance ships in Escort fleet."	Chang Chun	0	0	0	0	0	0.12	0	0	0	0	0	0	0	0	0	0	0	0	0	0	0	0	0	0	0	0	0	0	0	0	0	0	0	0	0	0	0	0	0	0	0	0	0
An Shan Lead Ship	"During sortie, increases Accuracy, Firepower by 10% (25%) and Evasion by 4% (10%) for all An Shan-class ships (An Shan, Fu Shun, Chang Chun, and Tai Yuan)."	An Shan	0	0	0	0	0	0.25	0	0	0	0	0	0	0	0	0	0	0	0	0	0	0	0	0	0	0	0	0	0	0	0	0	0	0	0	0	0	0	0	0	0	0	0	0
Anti-Air Command - Cruiser	Increase Anti-Air of cruisers in the same fleet by 5% (15%). Does not stack with other command skills that have similar effect.	Atlanta	0	0	0	0	0	0	0	0	0.15	0	0	0	0	0	0	0	0	0	0	0	0	0	0	0	0	0	0	0	0	0	0	0	0	0	0	0	0	0	0	0	0	0	0
Anti-Air Command - Main Fleet	Increase Anti-Air for Main Fleet by 5% (15%). Does not stack with other command skills that have similar effect.	Bogue (Retrofit)	0	0	0	0	0	0	0	0	0.15	0	0	0	0	0	0	0	0	0	0	0	0	0	0	0	0	0	0	0	0	0	0	0	0	0	0	0	0	0	0	0	0	0	0
Anti-Air Command - Vanguard	Increase Anti-Air of vanguards in the same fleet by 5% (15%). Does not stack with other command skills that have similar effect.	Curacoa (Retrofit)	0	0	0	0	0	0	0	0	0.15	0	0	0	0	0	0	0	0	0	0	0	0	0	0	0	0	0	0	0	0	0	0	0	0	0	0	0	0	0	0	0	0	0	0
Armored Carrier	"Every time Illustrious launches an airstrike, applies a shield around ships in the Escort Fleet for 8s equal to 5% (10%) of Illustrious's HP"	Illustrious	0	0	0	0	0	0	0	0	0	0	0	0	0	0	0	0	0	0	0	0	0	0	0	0	0	0	0	0	0	0	0	0	0	0	0	0	0	0	0	0	0	0	0
Artillery Command - Cruiser	Increases Firepower of Cruisers in the same fleet by 5% (15%). Does not stack with other command skills that have similar effect.	"Leander, Wichita, Richmond, Northampton, Brooklyn"	0	0	0	0	0	0.15	0	0	0	0	0	0	0	0	0	0	0	0	0	0	0	0	0	0	0	0	0	0	0	0	0	0	0	0	0	0	0	0	0	0	0	0	0
Artillery Command - Destroyer	Increases Firepower of Destroyers in the same fleet by 5% (15%). Does not stack with other command skills that have similar effect.	"Grenville, Sims, Agano"	0	0	0	0	0	0.15	0	0	0	0	0	0	0	0	0	0	0	0	0	0	0	0	0	0	0	0	0	0	0	0	0	0	0	0	0	0	0	0	0	0	0	0	0
Artillery Command - Main Fleet	Increases Firepower of the Main Fleet by 5% (15%). Does not stack with other command skills that have similar effect.	Hyuuga	0	0	0	0	0	0.15	0	0	0	0	0	0	0	0	0	0	0	0	0	0	0	0	0	0	0	0	0	0	0	0	0	0	0	0	0	0	0	0	0	0	0	0	0
Artillery Command - Vanguard	Increases Firepower of the Escort Fleet by 5% (15%). Does not stack with other command skills that have similar effect.	"London, Newcastle (Retrofit)"	0	0	0	0	0	0.15	0	0	0	0	0	0	0	0	0	0	0	0	0	0	0	0	0	0	0	0	0	0	0	0	0	0	0	0	0	0	0	0	0	0	0	0	0
Aviation Pioneer	Increases experience gained by Carriers by 5% (15%)	"Langley, Houshou"	0	0	0	0	0	0	0	0	0	0	0	0	0	0	0	0	0	0	0	0	0	0	0	0	0	0	0	0	0	0	0	0	0	0	0	0	0	0	0	0	0	0	0
Berserk Shooter	"When sortieing as Lead Ship, decreases own Anti-Air by 40% and Accuracy by 20% (5%) while increasing own Evasion by 6% (12%), Firepower by 13% (25%) and Speed by 3."	Le Temeraire	0	0	0	0	0	0.25	0	0	-0.4	0	0	0	0	0	0	0	0	0	0	0	0	0	0	0	0	0	0	0	0	0	0	0	0	0	0	0	0	0	0	0	0	0	0
Bilibili Mascot Girl - 22	"When sortied as the Escort Fleet Leader (First Slot) and paired with 33, increase Firepower, Reload by 10% (30%) and Evasion by 15% (35%) for both 22 and 33."	22	0	0	0	0	0	0.3	0	0	0	0	0	0	0	0	0	0	0	0	0	0	0	0	0	0	0	0	0	0	0	0	0	0	0	0	0	0	0	0	0	0	0	0	0
Bilibili Mascot Girl - 33	"When sortied as the Escort Fleet Leader (First Slot) and paired with 22, increase Torpedo stat by 15% (35%) for both 22 and 33."	33	0	0	0	0	0	0	0.35	0	0	0	0	0	0	0	0	0	0	0	0	0	0	0	0	0	0	0	0	0	0	0	0	0	0	0	0	0	0	0	0	0	0	0	0
Bond of the Eastern Radiance	"When in the same fleet with Ning Hai and/or Ping Hai, reduces their damage and own damage taken by 8% (20%) and increases their Evasion Rate and own Evasion Rate by 15% (30%)."	Yat Sen	0	-0.2	1	1	0	0	0	0	0	0	0	0	0	0	0	0	0	0	0	0	0	0	0	0	0	0	0	0	0	0	0	0	0	0	0	0	0	0	0	0	0	0	0
Cannon Fire That Marked A Change of Era	Increases damage dealt by all Escort ships by 15% (35%).	Avrora	0	0.25	1	1	0	0	0	0	0	0	0	0	0	0	0	0	0	0	0	0	0	0	0	0	0	0	0	0	0	0	0	0	0	0	0	0	0	0	0	0	0	0	0
Carrier Formation	"During battle, increases own Air Power and Anti-Air by 1.5% (5%) per Eagle Union CV/CVL in the fleet. When own aircraft shoots down an enemy aircraft, increases own Air Power by 1% (3%) (Effect can be stacked up to 5 times)."	Essex	0	0	0	0	0	0	0	0.3	0.15	0	0	0	0	0	0	0	0	0	0	0	0	0	0	0	0	0	0	0	0	0	0	0	0	0	0	0	0	0	0	0	0	0	0
Code: Hikari	"When entering battle: launches a Saiun plane, then increases damage dealt by the Main Fleet by 5% (10%) for 10 seconds."	I-13	0	0.1	1	1	1	0	0	0	0	0	0	0	0	0	0	0	0	0	0	0	0	0	0	0	0	0	0	0	0	0	0	0	0	0	0	0	0	0	0	0	0	0	0
Coercion	"Every 30 seconds, reduces damage dealt by enemies by 5% (15%) for 8 seconds."	Tennessee	0	0	0	0	0	0	0	0	0	0	0	0	0	0	0	0	0	0	0	0	0	0	0	0	0	0	0	0	0	0	0	0	0	0	0	0	0	0	0	0	0	0	0
Comrades From the Far East	"While alive in the fleet, decreases damage taken by allied CVs/CVLs by 5% (10%). When sortieing with Gridley, increases own Firepower by 5% (15%) and increases Gridley's Firepower and Reload by 5% (15%)."	Dewey	0	0	0	0	0	0.15	0	0	0	0	0	0	0	0	0	0	0	0	0	0	0	0	0	0	0	0	0	0	0	0	0	0	0	0	0	0	0	0	0	0	0	0	0
Connected	At the start of the battle: increases own Firepower by 1.5% (6%) per Kizuna AI ships other than self (can be stacked up to 4 times). If there are no other Kizuna AIs in your fleet: decreases damage taken by 5% (15%) for 30 seconds after battle starts.	Elegant Kizuna AI	0	0	0	0	0	0.24	0	0	0	0	0	0	0	0	0	0	0	0	0	0	0	0	0	0	0	0	0	0	0	0	0	0	0	0	0	0	0	0	0	0	0	0	0
Darjeeling Rotation	Every 15 seconds switch between following effects:Reduces damage taken by 6% (20%) Increases damage dealt by 6% (20%) Every 3 seconds restore 6 (15) HP	Green Heart	0	0.2	0	0	1	0	0	0	0	0	0	0	0	0	0	0	0	0	0	0	0	0	0	0	0	0	0	0	0	0	0	0	0	0	0	0	0	0	0	0	0	0	0
Dark Side of Fate	"When sortie with other J-Class destroyers in same fleet, reduce damage taken by other J-Class destroyers by 8% (20%), and take 8% (20%) more damage."	Jersey	0	0	0	0	0	0	0	0	0	0	0	0	0	0	0	0	0	0	0	0	0	0	0	0	0	0	0	0	0	0	0	0	0	0	0	0	0	0	0	0	0	0	0
Dawn	"While alive in fleet, decreases the Evasion Rate of all enemy Destroyers and Light Cruisers by 10% (20%)."	Aurora	0	0	0	0	0	0	0	0	0	0	0	0	0	0	0	0	0	0	0	0	0	0	0	0	0	0	0	0	0	0	0	0	0	0	0	0	0	0	0	0	0	0	0
Defense Order	Every 20 seconds: 25% chance to reduce damage taken by all ships in the fleet by 5% (15%) for 8 seconds. Does not stack with the same skill.	"Portland, Exeter"	0	0	0	0	0	0	0	0	0	0	0	0	0	0	0	0	0	0	0	0	0	0	0	0	0	0	0	0	0	0	0	0	0	0	0	0	0	0	0	0	0	0	0
Destroyer Squadron	"During sortie, if escort fleet is compose of Emile Bertin and destroyers only, increases own Speed by 4 and increases own damage against destroyers and cruisers by 5% (20%)."	Emile Bertin	0	0	0	0	0	0	0	0	0	0	0	0	0	0	0	0	0	0.2	0.2	0.2	0	0.2	0	0	0	0	0	0	0	0	0	0	0	0	0	0	0	0	0	0	0	0	0
Disturbance Shooting	Every 20 seconds: 25% chance to reduce a random enemy's Reload and damage for 5 (10)s. Effect prioritizes elite (human-form) enemies. Does not stack with the same skill.	"Kagerou (Retrofit), Ardent, Matchless, Bailey (Retrofit)"	0	0	0	0	0	0	0	0	0	0	0	0	0	0	0	0	0	0	0	0	0	0	0	0	0	0	0	0	0	0	0	0	0	0	0	0	0	0	0	0	0	0	0
Eagle's Tears	"When firing main gun, 50% chance to heal the Escort Fleet for 4% (10%) of their max Health."	Arizona	0	0	0	0	0	0	0	0	0	0	0	0	0	0	0	0	0	0	0	0	0	0	0	0	0	0	0	0	0	0	0	0	0	0	0	0	0	0	0	0	0	0	0
Emergent Preparation	"At the beginning of battle, increase own Firepower and Torpedo stat by 9% (24%). Every 12 seconds after, decrease own Firepower and Torpedo stat by 3% (8%), which can be stacked 3 times."	Hunter	0	0	0	0	0	0.24	0.24	0	0	0	0	0	0	0	0	0	0	0	0	0	0	0	0	0	0	0	0	0	0	0	0	0	0	0	0	0	0	0	0	0	0	0	0
Erratic Inventor	Use a random piece of prototype equipment with various effects every 12 seconds:17% - Prototype Cannon: Fires an HE ammo barrage. 17% - Prototype Torpedoes: Fires a torpedo barrage. 14% - Yuubari Firework: Fires a normal ammo barrage. 14% - Spawns a shield that can block 60 hits and lasts for 18 seconds. 14% - Spawns a shield that can block 99 hits and lasts for 6 seconds. 14% - Heals all ships in the fleet for 2.4% of their max HP. 10% - Bandaids - Heals all ships in the fleet for 9 HP.	Yuubari (Retrofit)	0	0	0	0	0	0	0	0	0	0	0	0	0	0	0	0	0	0	0	0	0	0	0	0	0	0	0	0	0	0	0	0	0	0	0	0	0	0	0	0	0	0	0
Experimental Cruiser	"After combat, increases experience gained by all Cruisers by 5% (15%)."	Yuubari	0	0	0	0	0	0	0	0	0	0	0	0	0	0	0	0	0	0	0	0	0	0	0	0	0	0	0	0	0	0	0	0	0	0	0	0	0	0	0	0	0	0	0
Extra Oxygen Supply	Increases Oxygen by 4 (40).	"Dace, I-13, I-26"	0	0	0	0	0	0	0	0	0	0	0	0	0	0	0	0	0	0	0	0	0	0	0	0	0	0	0	0	0	0	0	0	0	0	0	0	0	0	0	0	0	0	0
Flagship Protection	Reduces damage taken by Flagship by 15% (25%).	"Columbia, Z25, Hammann, Acasta (Retrofit)"	0	0	0	0	0	0	0	0	0	0	0	0	0	0	0	0	0	0	0	0	0	0	0	0	0	0	0	0	0	0	0	0	0	0	0	0	0	0	0	0	0	0	0
Flares	"10 seconds after battle begins, and 20% (40%) chance to activate every 20 seconds after that: deploys a flare for 10 seconds. Enemy ships within the flare have their Evasion decreased by 25%. Flare will prioritize closest enemy target."	Sendai (Retrofit)	0	0	0	0	0	0	0	0	0	0	0	0	0	0	0	0	0	0	0	0	0	0	0	0	0	0	0	0	0	0	0	0	0	0	0	0	0	0	0	0	0	0	0
Fleet Carrier	"Every time Lexington launches an airstrike, increases Escort Fleet damage by 5% (15%) for 8 seconds. Does not stack with the same skill."	"Souryuu, Glorious, Saratoga, Yorktown, Lexington"	0	0.15	1	1	0	0	0	0	0	0	0	0	0	0	0	0	0	0	0	0	0	0	0	0	0	0	0	0	0	0	0	0	0	0	0	0	0	0	0	0	0	0	0
Four Gods Convert	"Depending on main battery shell type, increase same shell type damage by 10% (20%), decrease damage received from same shell type by 10% (20%)."	Kuon	0	0	0	0	0	0	0	0	0	0	0	0	0	0	0	0	0	0	0	0	0	0	0	0	0	0	0	0.2	0.2	0	0	0	0	0	0	0	0	0	0	0	0	0	0
Gloriously Roaring First Ship	"While alive in fleet, increases Firepower, Accuracy by 5% (15%) and Evasion by 5% (20%) for all Kongou-class ships."	Kongou	0	0	0	0	0	0.15	0	0	0	0	0	0	0	0	0	0	0	0	0	0	0	0	0	0	0	0	0	0	0	0	0	0	0	0	0	0	0	0	0	0	0	0	0
Glory of the Sun Which Never Sets	"Increase own damage dealt to Sakura Empire, Ironblood, Sardinia and Siren factions by 4% (10%). When the fleet has 3 or more other ships from the Royal Navy, increase firepower, reload, evasion and anti-air by 4% (20%)."	King George V	0	0	0	0	0	0.2	0	0	0.2	0	0	0.1	0.1	0	0	0	0.1	0	0	0	0	0	0	0	0	0	0	0	0	0	0	0	0	0	0	0	0	0	0	0	0	0	0
Gokkousen (Shoukaku)	"If sortied with Zuikaku, increases own Air Power by 12% (30%) and damage taken by self by 5%."	Shoukaku	0	0	0	0	0	0	0	0.3	0	0	0	0	0	0	0	0	0	0	0	0	0	0	0	0	0	0	0	0	0	0	0	0	0	0	0	0	0	0	0	0	0	0	0
Gokkousen (Zuikaku)	"If sortied with Shoukaku, increase own Air Power by 8% (20%) and reduce damage taken by self by 8% (20%)."	Zuikaku	0	0	0	0	0	0	0	0.2	0	0	0	0	0	0	0	0	0	0	0	0	0	0	0	0	0	0	0	0	0	0	0	0	0	0	0	0	0	0	0	0	0	0	0
Heart of a Knight	"When sortied with any Cleveland-class ship, increases own Anti-Air by 5% (15%) and Accuracy by 5% (10%)."	Clevelad	0	0	0	0	0	0	0	0	0	0	0	0	0	0	0	0	0	0	0	0	0	0	0	0	0	0	0	0	0	0	0	0	0	0	0	0	0	0	0	0	0	0	0
I Am No. 1!	"When firing Anti-Air Guns, 15% chance to increase fleet's Anti-Air by 30% (50%) for 8 seconds."	San Diego	0	0	0	0	0	0	0	0	0.5	0	0	0	0	0	0	0	0	0	0	0	0	0	0	0	0	0	0	0	0	0	0	0	0	0	0	0	0	0	0	0	0	0	0
Ikkousen	"When paired with Kaga or Kaga (Battleship) in the same fleet, increases own Air Power by 15% (35%)."	"Kaga, Akagi"	0	0	0	0	0	0	0	0.35	0	0	0	0	0	0	0	0	0	0	0	0	0	0	0	0	0	0	0	0	0	0	0	0	0	0	0	0	0	0	0	0	0	0	0
Iris' Heart	"During sortie, increases Firepower, Torpedo stat and Accuracy of Iris Libre (FFNF) and Vichya Dominion (MNF) destroyers by 5% (15%)."	Emile Bertin	0	0	0	0	0	0.15	0.15	0	0	0	0	0	0	0	0	0	0	0	0	0	0	0	0	0	0	0	0	0	0	0	0	0	0	0	0	0	0	0	0	0	0	0	0
Ironblood #1 CV!	"During battle, increases own Air Power, Anti-Air, and Reload by 1% (5%) per allied Ironblood ship in the fleet."	Zeppy	0	0	0	0	0	0	0	0.3	0.3	0	0	0	0	0	0	0	0	0	0	0	0	0	0	0	0	0	0	0	0	0	0	0	0	0	0	0	0	0	0	0	0	0	0
Ironblood's Will	"Increase critical chance of cannons, torpedoes and aircraft by 4% (20%), reload by 4.5% (12%) for Ironblood ships. Increase damage dealt by Tirpitz by 20% (40%)"	Bismarck	0	0	0	0	0	0	0	0	0	0	0	0	0	0	0	0	0	0	0	0	0	0	0	0	0	0	0	0	0	0	0	0	0	0	0	0	0	0	0	0	0	0	0
Ironsight Caliber	"Decreases equipped Main Gun Spread by 3. Increases own damage dealt to Heavy Cruisers, Large Cruisers, Battlecruisers, Battleships, and Aviation Battleships by 10% (20%)."	Georgia	0	0	0	0	0	0	0	0	0	0	0	0	0	0	0	0	0	0	0	0.2	0.2	0.2	0.2	0.2	0	0	0	0	0	0	0	0	0	0	0	0	0	0	0	0	0	0	0
Kitakaze Style - Unanimous Slash	Main Gun damage is not affected by enemy's armor type; Main Gun always inflict 100% (115%) damage to all enemies. If equipped with an IJN (Sakura Empire) DD Gun: increases Main Gun efficiency by 5% (15%).	Kitakaze	0	0	0	0	0	0	0	0	0	0	0	0	0	0	0	0	0	0	0	0	0	0	0	0	0	0	0	0	0	0	0	0	0	0	0	0	0	0	0	0	0	0	0
Kizuna Beam	"Every 20 seconds: performs super A.I. hacking to decrease all enemies' Firepower, Torpedo stat, and Air Power by a large amount (up to 4.0% (8.0%)) for 8 seconds... Also has a small chance to accidentally increase the stats of all enemies instead."	Kizuna AI	0	0	0	0	0	0	0	0	0	0	0	0	0	0	0	0	0	0	0	0	0	0	0	0	0	0	0	0	0	0	0	0	0	0	0	0	0	0	0	0	0	0	0
Knight of the Sky	"When launching an airstrike: launch an additional Lv.1 (Lv.10) TBF Avenger squadron. If sortied with any Cleveland-class cruisers (Cleveland, Clevelad, Columbia, Denver, Montpelier), increase their Firepower by 3.5% (8.0%), increase own Air Power and Accuracy by 5% (15%), and enhance TBF Avenger squadron barrage pattern."	Independence	0	0	0	0	0	0.08	0	0.15	0	0	0	0	0	0	0	0	0	0	0	0	0	0	0	0	0	0	0	0	0	0	0	0	0	0	0	0	0	0	0	0	0	0	0
Legend of the Solomons	Every 20 seconds: 30% (60%) chance to increase Firepower and Accuracy for all cruisers in the fleet by 5% (25%) and decrease damage taken by them by 5% (15%) for 8 seconds.	Montpelier	0	0	0	0	0	0	0	0	0	0	0	0	0	0	0	0	0	0	0	0	0	0	0	0	0	0	0	0	0	0	0	0	0	0	0	0	0	0	0	0	0	0	0
Leyte Gulf's Blitz	"Increases own Firepower by 4% (10%). Every 20 seconds, 30% (60%) chance to increase all Cruisers' Firepower and Torpedo stat by 5% (20%) for 10 seconds."	Choukai	0	0	0	0	0	0.2	0.2	0	0	0	0	0	0	0	0	0	0	0	0	0	0	0	0	0	0	0	0	0	0	0	0	0	0	0	0	0	0	0	0	0	0	0	0
Light of Purification	"Every 20 seconds, 30% (60%) chance to reduce Firepower, Torpedo stat, and Aviation of enemy ships by 4.5% (12%) for 10 seconds."	Lena	0	0	0	0	0	0	0	0	0	0	0	0	0	0	0	0	0	0	0	0	0	0	0	0	0	0	0	0	0	0	0	0	0	0	0	0	0	0	0	0	0	0	0
Little Star	"15 seconds after battle begins, increases Firepower, Reload and Evasion for all ships in the fleet by 1.5% (6%) for 20 seconds."	Hobby	0	0	0	0	0	0.06	0	0	0	0	0	0	0	0	0	0	0	0	0	0	0	0	0	0	0	0	0	0	0	0	0	0	0	0	0	0	0	0	0	0	0	0	0
Lone Wolf	"When entering the map, if U-47 is the sole unit of the submarine fleet: increases damage dealt to Battleships (Battlecruisers and Aviation Battleships are not counted) by 5% (20%), increases Search Level by 1 and increases Ammo by 2."	U-47	0	0	0	0	0	0	0	0	0	0	0	0	0	0	0	0	0	0	0	0	0	0	0.2	0	0	0	0	0	0	0	0	0	0	0	0	0	0	0	0	0	0	0	0
Lunga Point's Strike	"During sortie, increases damage dealt to cruisers by all allied IJN (Sakura Empire) Destroyers by 5% (15%)."	Kawakaze	0	0	0	0	0	0	0	0	0	0	0	0	0	0	0	0	0	0	0.15	0.15	0	0.15	0	0	0	0	0	0	0	0	0	0	0	0	0	0	0	0	0	0	0	0	0
Main Character Correction	"If a Neptunia ship is present in the fleet, increase own damage by 3% (10%) and decrease damage received by 6%. Also increases own damage by 1% (2%), and decreases damage received by 1% for each Neptunia ship, excluding herself."	HDN Neptune	0	0.2	1	1	0	0	0	0	0	0	0	0	0	0	0	0	0	0	0	0	0	0	0	0	0	0	0	0	0	0	0	0	0	0	0	0	0	0	0	0	0	0	0
Nasty Asty	"When sortied with New Orleans-class ships, increase Accuracy and Anti-Air by 5% (20%) and Firepower by 4% (10%) for all New Orleans-class cruisers (Astoria, Minneapolis, Quincy and Vincennes)."	Astoria	0	0	0	0	0	0.1	0	0	0.2	0	0	0	0	0	0	0	0	0	0	0	0	0	0	0	0	0	0	0	0	0	0	0	0	0	0	0	0	0	0	0	0	0	0
Nikkousen	"When paired with Souryuu in the same fleet, increase own Air Power by 15% (35%)."	"Souryuu, Hiryuu"	0	0	0	0	0	0	0	0.35	0	0	0	0	0	0	0	0	0	0	0	0	0	0	0	0	0	0	0	0	0	0	0	0	0	0	0	0	0	0	0	0	0	0	0
Observer of the Sky and Ocean	"10 seconds after battle starts, launches a remote controlled F6F fighter; if the fighter is shot down, launch an aerial barrage (damage increases with level); every 8 seconds after launching the fighter, increase own Accuracy by 1% (3%) and damage dealt by 2.5% (7%), can be stacked 5 times."	Shangri-La	0	0.35	0	0	1	0	0	0	0	0	0	0	0	0	0	0	0	0	0	0	0	0	0	0	0	0	0	0	0	0	0	0	0	0	0	0	0	0	0	0	0	0	0
Offensive Configuration	"When sortieing as Lead Ship, own main gun efficiency is increased by 5% (20%) and Anti-Air gun efficiency is decreased by 30%."	Le Triomphant	0	0	0	0	0	0	0	0	0	0	0	0	0	0	0	0	0	0	0	0	0	0	0	0	0	0	0	0	0	0	0	0	0	0	0	0	0	0	0	0	0	0	0
Piercing Torpedo Strike	Torpedo damage is not affected by enemy's armor type; torpedoes always inflict 100% (115%) damage to all enemies.	Kawakaze	0	0	0	0	0	0	0	0	0	0	0	0	0	0	0	0	0	0	0	0	0	0	0	0	0	0	0	0	0	0	0	0	0	0	0	0	0	0	0	0	0	0	0
Prestige	"10 seconds after start of battle and 20% chance every 20 seconds after: For 8 seconds, receives 20% (50%) of damage other backline ships take, and increases damage dealt to a random enemy by 8% (20%)."	Hiei	0.2	0	0	0	0	0	0	0	0	0	0	0	0	0	0	0	0	0	0	0	0	0	0	0	0	0	0	0	0	0	0	0	0	0	0	0	0	0	0	0	0	0	0
Prototype Ship	Increases experience gained by Destroyers by 6% (18%).	Amazon	0	0	0	0	0	0	0	0	0	0	0	0	0	0	0	0	0	0	0	0	0	0	0	0	0	0	0	0	0	0	0	0	0	0	0	0	0	0	0	0	0	0	0
Queen's Orders	"During combat, increases Firepower, Torpedo stat, Air Power, Anti-Air, Reload, and Evasion of HMS (Royal Navy) ships by 5% (15%)."	Queen Elizabeth	0	0	0	0	0	0.15	0.15	0.15	0.15	0	0	0	0	0	0	0	0	0	0	0	0	0	0	0	0	0	0	0	0	0	0	0	0	0	0	0	0	0	0	0	0	0	0
Radar Sweep	"Every 20 seconds, 30% (60%) chance to increase damage taken by all enemies on the screen by 20% (40%) for 10 seconds."	Helena	0.4	0	0	0	0	0	0	0	0	0	0	0	0	0	0	0	0	0	0	0	0	0	0	0	0	0	0	0	0	0	0	0	0	0	0	0	0	0	0	0	0	0	0
Raid Order	Every 20 seconds: 25% chance to increase damage dealt by all ships in the fleet by 5% (25%) for 8 seconds. Does not stack with the same skill.	"Cleveland, Kent"	0	0.25	1	1	1	0	0	0	0	0	0	0	0	0	0	0	0	0	0	0	0	0	0	0	0	0	0	0	0	0	0	0	0	0	0	0	0	0	0	0	0	0	0
Reborn Combined Fleet Flagship	"Upon taking damage, 4.5% (12%) chance to reduce damage taken by 50%. When sortied as Flagship: increases Firepower and Reload of all allied Sakura Empire (IJN) ships by 5% (20%)."	Mikasa	0	0	0	0	0	0.2	0	0	0	0	0	0	0	0	0	0	0	0	0	0	0	0	0	0	0	0	0	0	0	0	0	0	0	0	0	0	0	0	0	0	0	0	0
Recon Support	"When entering the battle, increase Escort Fleet's Accuracy by 5% (20%) for 20 seconds."	Surcouf	0	0	0	0	0	0	0	0	0	0	0	0	0	0	0	0	0	0	0	0	0	0	0	0	0	0	0	0	0	0	0	0	0	0	0	0	0	0	0	0	0	0	0
Red Protection	"During own air strike, lowest percent HP vanguard ship will evade all damage for 2 (5) seconds."	Akagi-chan	0	0	0	0	0	0	0	0	0	0	0	0	0	0	0	0	0	0	0	0	0	0	0	0	0	0	0	0	0	0	0	0	0	0	0	0	0	0	0	0	0	0	0
Reload Command - Cruiser	Increases Reload of cruisers in the fleet by 5% (15%). Does not stack with other command skills that have similar effect.	Königsberg	0	0	0	0	0	0	0	0	0	0	0	0	0	0	0	0	0	0	0	0	0	0	0	0	0	0	0	0	0	0	0	0	0	0	0	0	0	0	0	0	0	0	0
Reload Command - Destroyer	Increase Reload of Destroyers in the fleet by 5% (15%). Does not stack with other command skills that have similar effect.	Foxhound	0	0	0	0	0	0	0	0	0	0	0	0	0	0	0	0	0	0	0	0	0	0	0	0	0	0	0	0	0	0	0	0	0	0	0	0	0	0	0	0	0	0	0
Reload Command - Light Carrier	Increases Reload for all CVLs in the fleet by 5% (15%). Does not stack with other command skills that have similar effect.	Langley (Retrofit)	0	0	0	0	0	0	0	0	0	0	0	0	0	0	0	0	0	0	0	0	0	0	0	0	0	0	0	0	0	0	0	0	0	0	0	0	0	0	0	0	0	0	0
Reload Command - Vanguard	Increase reload of the Escort Fleet by 5% (15%). Does not stack with other command skills that have similar effect.	"Akashi, Unicorn"	0	0	0	0	0	0	0	0	0	0	0	0	0	0	0	0	0	0	0	0	0	0	0	0	0	0	0	0	0	0	0	0	0	0	0	0	0	0	0	0	0	0	0
Reload Order	"Every 20 seconds, 25% chance to increase fleet's Reload by 5% (25%) for 8 seconds. Does not stack with the same skill."	"Arethusa, Pensacola, Southampton, Newcastle, Niizuki"	0	0	0	0	0	0	0	0	0	0	0	0	0	0	0	0	0	0	0	0	0	0	0	0	0	0	0	0	0	0	0	0	0	0	0	0	0	0	0	0	0	0	0
Remodel Girl	Can be used as material to Limit Break any ship of Elite (SR) quality and below.	Universal Bullin	0	0	0	0	0	0	0	0	0	0	0	0	0	0	0	0	0	0	0	0	0	0	0	0	0	0	0	0	0	0	0	0	0	0	0	0	0	0	0	0	0	0	0
Remodel Girl Mk II	Can be used as material to Limit Break any ship of Super Rare (SSR) quality.	Trial Bullin MKII	0	0	0	0	0	0	0	0	0	0	0	0	0	0	0	0	0	0	0	0	0	0	0	0	0	0	0	0	0	0	0	0	0	0	0	0	0	0	0	0	0	0	0
Rhapsody of Darkness	When own HP is between:100% and 70% of max HP: increases own Firepower by 10% (20%). 70% and 30% of max HP: increases own Firepower by 4% (10%) and decreases damage taken by self by 4% (10%). 30% and 1% of max HP: decreases damage taken by self by 10% (20%).	Friedrich der Grosse	0	0	0	0	0	0	0	0	0	0	0	0	0	0	0	0	0	0	0	0	0	0	0	0	0	0	0	0	0	0	0	0	0	0	0	0	0	0	0	0	0	0	0
Shrine Maiden of Chains	"When paired with Uruuru, increase own Air Power by 15% (35%), and Reload and Accuracy by 10% (20%)."	"Uruuru, Saraana"	0	0	0	0	0	0	0	0.35	0	0	0	0	0	0	0	0	0	0	0	0	0	0	0	0	0	0	0	0	0	0	0	0	0	0	0	0	0	0	0	0	0	0	0
Silt Break	"If in same fleet with Vert/Green Heart, increase own damage dealt by 10% (25%) and damage received by 10% (15%). Otherwise, decrease damage received by 10% (25%) and damage dealt by 10% (15%)."	Blanc	0	0.25	1	1	0	0	0	0	0	0	0	0	0	0	0	0	0	0	0	0	0	0	0	0	0	0	0	0	0	0	0	0	0	0	0	0	0	0	0	0	0	0	0
Sisterly Bonds	"If sortied with Ning Hai, increases own Firepower by 15% (35%)."	"Ping Hai, Ning Hai"	0	0	0	0	0	0.35	0	0	0	0	0	0	0	0	0	0	0	0	0	0	0	0	0	0	0	0	0	0	0	0	0	0	0	0	0	0	0	0	0	0	0	0	0
Sisterly Temperament	"In combat, increases Firepower and Evasion of Fletcher-class Destroyers (Fletcher, Radford, Jenkins, Nicholas, Foote, Spence, Thatcher, Kimberly, Mullany, Bush, Aulick, Charles Ausburne and Hazelwood) by 10% (30%)."	Fletcher	0	0	0	0	0	0.3	0	0	0	0	0	0	0	0	0	0	0	0	0	0	0	0	0	0	0	0	0	0	0	0	0	0	0	0	0	0	0	0	0	0	0	0	0
Sparkling Entrance	"1 second after battle starts, increases own Firepower, Torpedo stat, and ASW stat by 1% (10%), and reduces aviation damage taken by the fleet by 1.5% (6%) for 30 seconds."	Li'l Sandy	0	0	0	0	0	0.1	0.1	0	0	0	0	0	0	0	0	0	0	0	0	0	0	0	0	0	0	0	0	0	0	0	0	0	0	0	0	0	0	0	0	0	0	0	0
Splendid 2nd Torpedo Squadron	"While alive in fleet, increases Reload and Torpedo stat for all Light Cruisers and Destroyers in the same fleet by 5% (20%)."	Jintsuu	0	0	0	0	0	0	0.2	0	0	0	0	0	0	0	0	0	0	0	0	0	0	0	0	0	0	0	0	0	0	0	0	0	0	0	0	0	0	0	0	0	0	0	0
Support Carrier	"After launching an airstrike, heal the Escort Fleet for 3.5% (8%) of their max HP."	"Unicorn, Shouhou"	0	0	0	0	0	0	0	0	0	0	0	0	0	0	0	0	0	0	0	0	0	0	0	0	0	0	0	0	0	0	0	0	0	0	0	0	0	0	0	0	0	0	0
T-Cross Formation	When firing main gun: 30% (60%) chance to increase damage dealt by all Battleships/Battlecruisers by 5% (20%) for 8 seconds.	Mikasa	0	0.2	1	1	0	0	0	0	0	0	0	0	0	0	0	0	0	0	0	0	0	0.2	0.2	0	0	0	0	0	0	0	0	0	0	0	0	0	0	0	0	0	0	0	0
Tactical Command - Cruiser	"Increases Firepower, Torpedo stat, and Reload of all Cruisers by 1% (10%). Does not stack with other command skills that have similar effect."	Leipzig	0	0	0	0	0	0.1	0.1	0	0	0	0	0	0	0	0	0	0	0	0	0	0	0	0	0	0	0	0	0	0	0	0	0	0	0	0	0	0	0	0	0	0	0	0
Tactical Command - Destroyer	"Increases Firepower, Torpedo stat, and Reload of Destroyers in the fleet by 1% (10%). Does not stack with other command skills that have similar effect."	Fletcher	0	0	0	0	0	0.1	0.1	0	0	0	0	0	0	0	0	0	0	0	0	0	0	0	0	0	0	0	0	0	0	0	0	0	0	0	0	0	0	0	0	0	0	0	0
Task Group	"Increase own Airpower by 5% (15%). If sortied as flagship, increase allied Eagle Union (USS) Battleships' Firepower by 5% (15%); If sortied as non-flagship, increase allied Eagle Union (USS) Destroyers' Firepower and Anti-Air by 5% (15%)."	Bunker Hill	0	0	0	0	0	0.15	0	0	0.15	0	0	0	0	0	0	0	0	0	0	0	0	0	0	0	0	0	0	0	0	0	0	0	0	0	0	0	0	0	0	0	0	0	0
Terror Field	Decreases damage taken from burning and suicide boat by 20% (40%) and from HE shells by 5% (15%). Increases secondary gun's critical hit chance by 40% (70%) and ignores armor type (damage based on Skill Level).	York (Retrofit)	0	0	0	0	0	0	0	0	0	0	0	0	0	0	0	0	0	0	0	0	0	0	0	0	0	0	0	0	0	0	0	0	0	0	0	0	0	0	0	0	0	0	0
The 4th Combined Fleet Flagship	"When sortied as Flagship: increases Firepower by 4% (10%), and Reload and Accuracy by 5% (20%) for allied Sakura Empire ships. Additionally, increases damage dealt by Sakura Empire Aircraft Carriers (does not include Aviation Battleships) by 5% (20%)."	Nagato	0	0	0	0	0	0	0	0	0	0	0	0	0	0	0	0	0	0	0	0	0	0	0	0	0	0	0	0	0	0	0	0	0	0	0	0	0	0	0	0	0	0	0
The 8th Destroyer Division	"In combat, increases Firepower and Reload by 5% (15%), and Torpedo stat by 4% (8%) for all Destroyers from Destroyer Division 8 (Asashio, Ooshio, Michishio and Arashio)."	Asashio	0	0	0	0	0	0.15	0.08	0	0	0	0	0	0	0	0	0	0	0	0	0	0	0	0	0	0	0	0	0	0	0	0	0	0	0	0	0	0	0	0	0	0	0	0
The Royal Legend	Reduces the Dispersion of equipped main gun by 0.5 (5). Increases own Firepower by 3% (15%) and hit rate against Destroyers by 3% (15%).	Warspite (Retrofit)	0	0	0	0	0	0.15	0	0	0	0	0	0	0	0	0	0	0	0	0	0	0	0	0	0	0	0	0	0	0	0	0	0	0	0	0	0	0	0	0	0	0	0	0
The Wolf's Seal	"Increase Airpower of Aircraft Carriers and Light Aircraft Carriers by 1% (10%) and increase their hit rate against Destroyers, Light Cruisers, Heavy Cruisers by 1% (10%). During battle, for every Aircraft Carrier and Light Aircraft Carrier in the same fleet, buff Sirius' Firepower, Torpedo stat and Reload by 1.5% (7%) each. Only up to 3 ships can count toward this bonus (a 21% buff is the maximum attainable)."	Sirius	0	0	0	0	0	0	0	0.1	0	0	0	0	0	0	0	0	0	0	0	0	0	0	0	0	0	0	0	0	0	0	0	0	0	0	0	0	0	0	0	0	0	0	0
Tokugata Lead Ship!	"In battle, increases Firepower by 15% (30%), Evasion by 15% (30%) and Torpedo by 4% (10%) for all Special Type (Tokugata) Destroyers (Fubuki, Ayanami, Akatsuki, Ikazuchi, and Inazuma) in same fleet."	Fubuki	0	0	0	0	0	0.3	0.1	0	0	0	0	0	0	0	0	0	0	0	0	0	0	0	0	0	0	0	0	0	0	0	0	0	0	0	0	0	0	0	0	0	0	0	0
Torpedo Command - Destroyer	Increase Torpedo stat of Destroyers in the fleet by 5% (15%). Does not stack with other command skills that have similar effect.	"Abukuma, Gridley, Mutsuki (Retrofit), Comet"	0	0	0	0	0	0	0.15	0	0	0	0	0	0	0	0	0	0	0	0	0	0	0	0	0	0	0	0	0	0	0	0	0	0	0	0	0	0	0	0	0	0	0	0
Torpedo Command - Vanguard	Increases Torpedo stat of all ships in the escort fleet by 5% (15%). Does not stack with other command skills that have similar effect.	"Shiratsuyu, Kagerou"	0	0	0	0	0	0	0.15	0	0	0	0	0	0	0	0	0	0	0	0	0	0	0	0	0	0	0	0	0	0	0	0	0	0	0	0	0	0	0	0	0	0	0	0
Torpedo Fleet	"While alive in fleet, increases Reload and Torpedo for all Light Cruisers and Destroyers in the same fleet by 3% (15%)."	"Sendai, Naka"	0	0	0	0	0	0	0.15	0	0	0	0	0	0	0	0	0	0	0	0	0	0	0	0	0	0	0	0	0	0	0	0	0	0	0	0	0	0	0	0	0	0	0	0
Trepidation of Destruction	"Once per battle, increases damage dealt with the first Main Gun salvo by 20% (50%). Enemies hit by own Main Gun salvoes take 3% (12%) more damage for 8 seconds."	Duke of York	0.12	0	0	0	0	0	0	0	0	0	0	0	0	0	0	0	0	0	0	0	0	0	0	0	0	0	0	0	0	0	0	0	0	0	0	0	0	0	0	0	0	0	0.5
Tricolor Order	"Main gun damage is not affected by armor type (armor modifier is always 100%). Additionally, increase main gun damage by 5% (15%)."	Black Heart	0	0	0.15	0	0	0	0	0	0	0	0	0	0	0	0	0	0	0	0	0	0	0	0	0	0	0	0	0	0	0	0	0	0	0	0	0	0	0	0	0	0	0	0
United Front	"During sortie with 6 ships in the fleet, increase own Firepower, Reload by 10% (25%), and Evasion by 4% (10%)."	Tai Yuan	0	0	0	0	0	0.25	0	0	0	0	0	0	0	0	0	0	0	0	0	0	0	0	0	0	0	0	0	0	0	0	0	0	0	0	0	0	0	0	0	0	0	0	0
Unyielding Beast	"Decreases damage taken to self by 20%. While alive in fleet, increases Torpedo critical hit chance for all Light Cruisers and Destroyers in the same fleet by 4% (10%). Starting from level 6 of the skill, also increases Torpedo critical hit damage by 5% (30%)."	Jintsuu (Retrofit)	0	0	0	0	0	0	0	0	0	0	0	0	0	0	0	0	0	0	0	0	0	0	0	0	0	0	0	0	0	0	0	0	0	0	0	0	0	0	0	0	0.3	0	0
Winds of Companion	"If in same fleet with Hamakaze, increase own Firepower, Torpedo stat, Reload, and Anti-Air by 4% (10%)."	Isokaze	0	0	0	0	0	0.1	0.1	0	0.1	0	0	0	0	0	0	0	0	0	0	0	0	0	0	0	0	0	0	0	0	0	0	0	0	0	0	0	0	0	0	0	0	0	0
Yukikaze of Kure	"While alive in fleet, reduce damage received by the backline by 3.5% (8%). Once per battle, when any ship in the backline drops below 20% health, heal said ship for 4% (10%) of their max HP."	Yukikaze	0	0	0	0	0	0	0	0	0	0	0	0	0	0	0	0	0	0	0	0	0	0	0	0	0	0	0	0	0	0	0	0	0	0	0	0	0	0	0	0	0	0	0
Z-Class Pioneer	"During combat, increases Firepower and Evasion of Z-Class ships by 20% (40%)."	Z1	0	0	0	0	0	0.4	0	0	0	0	0	0	0	0	0	0	0	0	0	0	0	0	0	0	0	0	0	0	0	0	0	0	0	0	0	0	0	0	0	0	0	0	0
Z's Counterattack	"Upon taking an attack, increases own Reload by 30% (50%) for 8 seconds. Effect does not stack with itself."	Repulse	0	0	0	0	0	0	0	0	0	0	0	0	0	0	0	0	0	0	0	0	0	0	0	0	0	0	0	0	0	0	0	0	0	0	0	0	0	0	0	0	0	0	0
